TRAIN NO,501,502,503,504,505,506,507,508,501,502,510,509,503,504,514,512,505,511,506,513,507,508,501,502,510,509,503,504,514,512,505,511,506,513,507,508,501,502,510,509,503,504,514,512,505,511,506,513,507,508,501,502,510,509,503,504,514,512,505,511,506,513,507,508,501,502,510,509,503,504,514,512,505,511,506,513,507,508,501,502,510,509,503,504,514,512,505,511,506,513,507,508,501,502,510,509,503,504,514,512,505,511,506,513,507,508,501,502,510,509,503,504,514,512,505,511,506,513,507,508,501,502,510,509,503,504,514,512,505,511,506,513,507,508,501,502,510,509,503,504,514,512,505,511,506,513,507,508,501,502,510,509,503,504,514,512,505,511,506,507,508,501,502,503,509,514,505,511
DEPOT1,,,,,04:10:00,,04:40:00,,,,,05:30:00,,,,,,,,,,,,,,,,,,,,,,,,,,,,,,,,,,,,,,,,,,,,,,,,,,,,,,,,,,,,,,,,,,,,,,,,,,,,,,,,,,,,,,,,,,,,,,,,,,,,,,,,,,,,,,,,,,,,,,,,,,,,,,,,,,,,,,,,,,,,,,,,,,,,,,,,,,,,
DEPOT,03:25:00,03:40:00,,,,04:15:00,,05:08:42,,,05:35:42,,,,06:02:42,05:35:00,,,,06:00:00,,,,,,,,,,,,,,,,,,,,,,,,,,,,,,,,,,,,,,,,,,,,,,,,,,,,,,,,,,,,,,,,,,,,,,,,,,,,,,,,,,,,,,,,,,,,,,,,,,,,,,,,,,,,,,,,,,,,,,,,,,,,,,,,,,,,,,,,,,,,,,,,,,,,
KTNR,DEPOT DEPATR.,DEPOT DEPATR.,DEPOT DEPATR.,,DEPOT DEPATR.,DEPOT DEPATR.,DEPOT DEPATR.,DEPOT DEPATR.,04:30:00,,DEPOT DEPATR.,DEPOT DEPATR.,05:00:00,,DEPOT DEPATR.,DEPOT DEPATR.,05:30:00,DEPOT DEPATR.,,DEPOT DEPATR.,06:00:00,,06:14:00,,06:28:00,,06:42:00,,06:56:00,,07:10:00,,07:24:00,,07:38:00,,07:52:00,,08:06:00,,08:20:00,,08:34:00,,08:48:00,,09:02:00,,09:16:00,,09:30:00,,09:44:00,,09:58:00,,10:12:00,,10:26:00,,10:40:00,,10:54:00,,11:08:00,,11:22:00,,11:36:00,,11:50:00,,12:04:00,,12:18:00,,12:32:00,,12:46:00,,13:00:00,,13:14:00,,13:28:00,,13:42:00,,13:56:00,,14:10:00,,14:24:00,,14:38:00,,14:52:00,,15:06:00,,15:20:00,,15:34:00,,15:48:00,,16:02:00,,16:16:00,,16:30:00,,16:44:00,,16:58:00,,17:12:00,,17:26:00,,17:40:00,,17:54:00,,18:08:00,,18:22:00,,18:36:00,,18:50:00,,19:04:00,,19:18:00,,19:32:00,,19:46:00,,20:00:00,,20:14:00,,20:28:00,,20:42:00,,20:56:00,,21:10:00,,21:24:00,,21:40:00,,21:55:00,,22:15:00,,22:30:00,,22:45:00,,23:00:00,23:20:00,,23:48:00
ILOK,,,,,,,,,04:32:00,04:45:00,,,05:02:00,05:10:00,,,05:32:00,,05:45:00,,06:02:00,06:09:14,06:16:00,06:23:14,06:30:00,06:37:14,06:44:00,06:51:14,06:58:00,07:05:14,07:12:00,07:19:14,07:26:00,07:33:14,07:40:00,07:47:14,07:54:00,08:01:14,08:08:00,08:15:14,08:22:00,08:29:14,08:36:00,08:43:14,08:50:00,08:57:14,09:04:00,09:11:14,09:18:00,09:25:14,09:32:00,09:39:14,09:46:00,09:53:14,10:00:00,10:07:14,10:14:00,10:21:14,10:28:00,10:35:14,10:42:00,10:49:14,10:56:00,11:03:14,11:10:00,11:17:14,11:24:00,11:31:14,11:38:00,11:45:14,11:52:00,11:59:14,12:06:00,12:13:14,12:20:00,12:27:14,12:34:00,12:41:14,12:48:00,12:55:14,13:02:00,13:09:14,13:16:00,13:23:14,13:30:00,13:37:14,13:44:00,13:51:14,13:58:00,14:05:14,14:12:00,14:19:14,14:26:00,14:33:14,14:40:00,14:47:14,14:54:00,15:01:14,15:08:00,15:15:14,15:22:00,15:29:14,15:36:00,15:43:14,15:50:00,15:57:14,16:04:00,16:11:14,16:18:00,16:25:14,16:32:00,16:39:14,16:46:00,16:53:14,17:00:00,17:07:14,17:14:00,17:21:14,17:28:00,17:35:14,17:42:00,17:49:14,17:56:00,18:03:14,18:10:00,18:17:14,18:24:00,18:31:14,18:38:00,18:45:14,18:52:00,18:59:14,19:06:00,19:13:14,19:20:00,19:27:14,19:34:00,19:41:14,19:48:00,19:55:14,20:02:00,20:09:14,20:16:00,20:23:14,20:30:00,20:37:14,20:44:00,20:51:14,20:58:00,21:05:14,21:12:00,21:19:14,21:26:00,21:33:14,21:42:00,21:47:14,21:57:00,22:01:14,22:17:00,22:20:00,22:32:00,22:40:00,22:47:00,23:00:00,23:02:00,,23:32:00,
APMN,,,,,,,,,04:35:14,04:48:00,,,05:05:14,05:13:00,,,05:35:14,,05:48:14,,06:05:14,06:12:14,06:19:14,06:26:14,06:33:14,06:40:14,06:47:14,06:54:14,07:01:14,07:08:14,07:15:14,07:22:14,07:29:14,07:36:14,07:43:14,07:50:14,07:57:14,08:04:14,08:11:14,08:18:14,08:25:14,08:32:14,08:39:14,08:46:14,08:53:14,09:00:14,09:07:14,09:14:14,09:21:14,09:28:14,09:35:14,09:42:14,09:49:14,09:56:14,10:03:14,10:10:14,10:17:14,10:24:14,10:31:14,10:38:14,10:45:14,10:52:14,10:59:14,11:06:14,11:13:14,11:20:14,11:27:14,11:34:14,11:41:14,11:48:14,11:55:14,12:02:14,12:09:14,12:16:14,12:23:14,12:30:14,12:37:14,12:44:14,12:51:14,12:58:14,13:05:14,13:12:14,13:19:14,13:26:14,13:33:14,13:40:14,13:47:14,13:54:14,14:01:14,14:08:14,14:15:14,14:22:14,14:29:14,14:36:14,14:43:14,14:50:14,14:57:14,15:04:14,15:11:14,15:18:14,15:25:14,15:32:14,15:39:14,15:46:14,15:53:14,16:00:14,16:07:14,16:14:14,16:21:14,16:28:14,16:35:14,16:42:14,16:49:14,16:56:14,17:03:14,17:10:14,17:17:14,17:24:14,17:31:14,17:38:14,17:45:14,17:52:14,17:59:14,18:06:14,18:13:14,18:20:14,18:27:14,18:34:14,18:41:14,18:48:14,18:55:14,19:02:14,19:09:14,19:16:14,19:23:14,19:30:14,19:37:14,19:44:14,19:51:14,19:58:14,20:05:14,20:12:14,20:19:14,20:26:14,20:33:14,20:40:14,20:47:14,20:54:14,21:01:14,21:08:14,21:15:14,21:22:14,21:29:14,21:36:14,21:45:14,21:50:14,22:00:14,22:04:14,22:20:14,22:23:00,22:35:14,22:43:00,22:50:14,23:03:00,23:05:14,NON REV DEPOT,NON REV DEPOT,NON REV DEPOT
PBGA,,,,,,,,,04:37:28,04:49:54,,,05:07:08,05:14:54,,,05:37:08,,05:50:08,,06:07:08,06:14:08,06:21:08,06:28:08,06:35:08,06:42:08,06:49:08,06:56:08,07:03:08,07:10:08,07:17:08,07:24:08,07:31:08,07:38:08,07:45:08,07:52:08,07:59:08,08:06:08,08:13:08,08:20:08,08:27:08,08:34:08,08:41:08,08:48:08,08:55:08,09:02:08,09:09:08,09:16:08,09:23:08,09:30:08,09:37:08,09:44:08,09:51:08,09:58:08,10:05:08,10:12:08,10:19:08,10:26:08,10:33:08,10:40:08,10:47:08,10:54:08,11:01:08,11:08:08,11:15:08,11:22:08,11:29:08,11:36:08,11:43:08,11:50:08,11:57:08,12:04:08,12:11:08,12:18:08,12:25:08,12:32:08,12:39:08,12:46:08,12:53:08,13:00:08,13:07:08,13:14:08,13:21:08,13:28:08,13:35:08,13:42:08,13:49:08,13:56:08,14:03:08,14:10:08,14:17:08,14:24:08,14:31:08,14:38:08,14:45:08,14:52:08,14:59:08,15:06:08,15:13:08,15:20:08,15:27:08,15:34:08,15:41:08,15:48:08,15:55:08,16:02:08,16:09:08,16:16:08,16:23:08,16:30:08,16:37:08,16:44:08,16:51:08,16:58:08,17:05:08,17:12:08,17:19:08,17:26:08,17:33:08,17:40:08,17:47:08,17:54:08,18:01:08,18:08:08,18:15:08,18:22:08,18:29:08,18:36:08,18:43:08,18:50:08,18:57:08,19:04:08,19:11:08,19:18:08,19:25:08,19:32:08,19:39:08,19:46:08,19:53:08,20:00:08,20:07:08,20:14:08,20:21:08,20:28:08,20:35:08,20:42:08,20:49:08,20:56:08,21:03:08,21:10:08,21:17:08,21:24:08,21:31:08,21:38:08,21:47:08,21:52:08,22:02:08,22:06:08,22:22:08,22:24:54,22:37:08,22:44:54,22:52:08,23:04:54,23:07:08,,,
PBGW HALT,,,,,,,,,04:39:58,04:51:54,,,05:09:08,05:16:54,,,05:39:08,,05:52:08,,06:09:08,06:16:08,06:23:08,06:30:08,06:37:08,06:44:08,06:51:08,06:58:08,07:05:08,07:12:08,07:19:08,07:26:08,07:33:08,07:40:08,07:47:08,07:54:08,08:01:08,08:08:08,08:15:08,08:22:08,08:29:08,08:36:08,08:43:08,08:50:08,08:57:08,09:04:08,09:11:08,09:18:08,09:25:08,09:32:08,09:39:08,09:46:08,09:53:08,10:00:08,10:07:08,10:14:08,10:21:08,10:28:08,10:35:08,10:42:08,10:49:08,10:56:08,11:03:08,11:10:08,11:17:08,11:24:08,11:31:08,11:38:08,11:45:08,11:52:08,11:59:08,12:06:08,12:13:08,12:20:08,12:27:08,12:34:08,12:41:08,12:48:08,12:55:08,13:02:08,13:09:08,13:16:08,13:23:08,13:30:08,13:37:08,13:44:08,13:51:08,13:58:08,14:05:08,14:12:08,14:19:08,14:26:08,14:33:08,14:40:08,14:47:08,14:54:08,15:01:08,15:08:08,15:15:08,15:22:08,15:29:08,15:36:08,15:43:08,15:50:08,15:57:08,16:04:08,16:11:08,16:18:08,16:25:08,16:32:08,16:39:08,16:46:08,16:53:08,17:00:08,17:07:08,17:14:08,17:21:08,17:28:08,17:35:08,17:42:08,17:49:08,17:56:08,18:03:08,18:10:08,18:17:08,18:24:08,18:31:08,18:38:08,18:45:08,18:52:08,18:59:08,19:06:08,19:13:08,19:20:08,19:27:08,19:34:08,19:41:08,19:48:08,19:55:08,20:02:08,20:09:08,20:16:08,20:23:08,20:30:08,20:37:08,20:44:08,20:51:08,20:58:08,21:05:08,21:12:08,21:19:08,21:26:08,21:33:08,21:40:08,21:49:08,21:54:08,22:04:08,22:08:08,22:24:08,22:26:54,22:39:08,22:46:54,22:54:08,23:06:54,23:09:08,,,
SHVP,,,,,,,,,04:42:28,04:53:54,,,05:11:08,05:18:54,,,05:41:08,,05:54:08,,06:11:08,06:18:08,06:25:08,06:32:08,06:39:08,06:46:08,06:53:08,07:00:08,07:07:08,07:14:08,07:21:08,07:28:08,07:35:08,07:42:08,07:49:08,07:56:08,08:03:08,08:10:08,08:17:08,08:24:08,08:31:08,08:38:08,08:45:08,08:52:08,08:59:08,09:06:08,09:13:08,09:20:08,09:27:08,09:34:08,09:41:08,09:48:08,09:55:08,10:02:08,10:09:08,10:16:08,10:23:08,10:30:08,10:37:08,10:44:08,10:51:08,10:58:08,11:05:08,11:12:08,11:19:08,11:26:08,11:33:08,11:40:08,11:47:08,11:54:08,12:01:08,12:08:08,12:15:08,12:22:08,12:29:08,12:36:08,12:43:08,12:50:08,12:57:08,13:04:08,13:11:08,13:18:08,13:25:08,13:32:08,13:39:08,13:46:08,13:53:08,14:00:08,14:07:08,14:14:08,14:21:08,14:28:08,14:35:08,14:42:08,14:49:08,14:56:08,15:03:08,15:10:08,15:17:08,15:24:08,15:31:08,15:38:08,15:45:08,15:52:08,15:59:08,16:06:08,16:13:08,16:20:08,16:27:08,16:34:08,16:41:08,16:48:08,16:55:08,17:02:08,17:09:08,17:16:08,17:23:08,17:30:08,17:37:08,17:44:08,17:51:08,17:58:08,18:05:08,18:12:08,18:19:08,18:26:08,18:33:08,18:40:08,18:47:08,18:54:08,19:01:08,19:08:08,19:15:08,19:22:08,19:29:08,19:36:08,19:43:08,19:50:08,19:57:08,20:04:08,20:11:08,20:18:08,20:25:08,20:32:08,20:39:08,20:46:08,20:53:08,21:00:08,21:07:08,21:14:08,21:21:08,21:28:08,21:35:08,21:42:08,21:51:08,21:56:08,22:06:08,22:10:08,22:26:08,22:28:54,22:41:08,22:48:54,22:56:08,23:08:54,23:11:08,,,
MAPR,INDUCTION FROM DEPOT,INDUCTION FROM DEPOT,PILOTING CITY PARK-MUDK UP,,INDUCTION FROM DEPOT,INDUCTION FROM DEPOT,INDUCTION FROM DEPOT,INDUCTION FROM DEPOT,04:44:52,04:55:51,INDUCTION FROM DEPOT,INDUCTION FROM DEPOT,05:13:05,05:20:51,INDUCTION FROM DEPOT,INDUCTION FROM DEPOT,05:43:05,,05:56:05,INDUCTION FROM DEPOT,06:13:05,06:20:05,06:27:05,06:34:05,06:41:05,06:48:05,06:55:05,07:02:05,07:09:05,07:16:05,07:23:05,07:30:05,07:37:05,07:44:05,07:51:05,07:58:05,08:05:05,08:12:05,08:19:05,08:26:05,08:33:05,08:40:05,08:47:05,08:54:05,09:01:05,09:08:05,09:15:05,09:22:05,09:29:05,09:36:05,09:43:05,09:50:05,09:57:05,10:04:05,10:11:05,10:18:05,10:25:05,10:32:05,10:39:05,10:46:05,10:53:05,11:00:05,11:07:05,11:14:05,11:21:05,11:28:05,11:35:05,11:42:05,11:49:05,11:56:05,12:03:05,12:10:05,12:17:05,12:24:05,12:31:05,12:38:05,12:45:05,12:52:05,12:59:05,13:06:05,13:13:05,13:20:05,13:27:05,13:34:05,13:41:05,13:48:05,13:55:05,14:02:05,14:09:05,14:16:05,14:23:05,14:30:05,14:37:05,14:44:05,14:51:05,14:58:05,15:05:05,15:12:05,15:19:05,15:26:05,15:33:05,15:40:05,15:47:05,15:54:05,16:01:05,16:08:05,16:15:05,16:22:05,16:29:05,16:36:05,16:43:05,16:50:05,16:57:05,17:04:05,17:11:05,17:18:05,17:25:05,17:32:05,17:39:05,17:46:05,17:53:05,18:00:05,18:07:05,18:14:05,18:21:05,18:28:05,18:35:05,18:42:05,18:49:05,18:56:05,19:03:05,19:10:05,19:17:05,19:24:05,19:31:05,19:38:05,19:45:05,19:52:05,19:59:05,20:06:05,20:13:05,20:20:05,20:27:05,20:34:05,20:41:05,20:48:05,20:55:05,21:02:05,21:09:05,21:16:05,21:23:05,21:30:05,21:37:05,21:44:05,21:53:05,21:58:05,22:08:05,22:12:05,22:28:05,22:30:51,22:43:05,22:50:51,22:58:05,23:10:51,23:13:05,,,
PV(EAST),,,,,,,,,04:46:56,04:57:29,,,05:14:43,05:22:29,,,05:44:43,,05:57:43,,06:14:43,06:21:43,06:28:43,06:35:43,06:42:43,06:49:43,06:56:43,07:03:43,07:10:43,07:17:43,07:24:43,07:31:43,07:38:43,07:45:43,07:52:43,07:59:43,08:06:43,08:13:43,08:20:43,08:27:43,08:34:43,08:41:43,08:48:43,08:55:43,09:02:43,09:09:43,09:16:43,09:23:43,09:30:43,09:37:43,09:44:43,09:51:43,09:58:43,10:05:43,10:12:43,10:19:43,10:26:43,10:33:43,10:40:43,10:47:43,10:54:43,11:01:43,11:08:43,11:15:43,11:22:43,11:29:43,11:36:43,11:43:43,11:50:43,11:57:43,12:04:43,12:11:43,12:18:43,12:25:43,12:32:43,12:39:43,12:46:43,12:53:43,13:00:43,13:07:43,13:14:43,13:21:43,13:28:43,13:35:43,13:42:43,13:49:43,13:56:43,14:03:43,14:10:43,14:17:43,14:24:43,14:31:43,14:38:43,14:45:43,14:52:43,14:59:43,15:06:43,15:13:43,15:20:43,15:27:43,15:34:43,15:41:43,15:48:43,15:55:43,16:02:43,16:09:43,16:16:43,16:23:43,16:30:43,16:37:43,16:44:43,16:51:43,16:58:43,17:05:43,17:12:43,17:19:43,17:26:43,17:33:43,17:40:43,17:47:43,17:54:43,18:01:43,18:08:43,18:15:43,18:22:43,18:29:43,18:36:43,18:43:43,18:50:43,18:57:43,19:04:43,19:11:43,19:18:43,19:25:43,19:32:43,19:39:43,19:46:43,19:53:43,20:00:43,20:07:43,20:14:43,20:21:43,20:28:43,20:35:43,20:42:43,20:49:43,20:56:43,21:03:43,21:10:43,21:17:43,21:24:43,21:31:43,21:38:43,21:45:43,21:54:43,21:59:43,22:09:43,22:13:43,22:29:43,22:32:29,22:44:43,22:52:29,22:59:43,23:12:29,23:14:43,,,
PV(WEST),,,,,,,,,04:49:21,04:59:23,,,05:16:37,05:24:23,,,05:46:37,05:55:00,05:59:37,,06:16:37,06:23:37,06:30:37,06:37:37,06:44:37,06:51:37,06:58:37,07:05:37,07:12:37,07:19:37,07:26:37,07:33:37,07:40:37,07:47:37,07:54:37,08:01:37,08:08:37,08:15:37,08:22:37,08:29:37,08:36:37,08:43:37,08:50:37,08:57:37,09:04:37,09:11:37,09:18:37,09:25:37,09:32:37,09:39:37,09:46:37,09:53:37,10:00:37,10:07:37,10:14:37,10:21:37,10:28:37,10:35:37,10:42:37,10:49:37,10:56:37,11:03:37,11:10:37,11:17:37,11:24:37,11:31:37,11:38:37,11:45:37,11:52:37,11:59:37,12:06:37,12:13:37,12:20:37,12:27:37,12:34:37,12:41:37,12:48:37,12:55:37,13:02:37,13:09:37,13:16:37,13:23:37,13:30:37,13:37:37,13:44:37,13:51:37,13:58:37,14:05:37,14:12:37,14:19:37,14:26:37,14:33:37,14:40:37,14:47:37,14:54:37,15:01:37,15:08:37,15:15:37,15:22:37,15:29:37,15:36:37,15:43:37,15:50:37,15:57:37,16:04:37,16:11:37,16:18:37,16:25:37,16:32:37,16:39:37,16:46:37,16:53:37,17:00:37,17:07:37,17:14:37,17:21:37,17:28:37,17:35:37,17:42:37,17:49:37,17:56:37,18:03:37,18:10:37,18:17:37,18:24:37,18:31:37,18:38:37,18:45:37,18:52:37,18:59:37,19:06:37,19:13:37,19:20:37,19:27:37,19:34:37,19:41:37,19:48:37,19:55:37,20:02:37,20:09:37,20:16:37,20:23:37,20:30:37,20:37:37,20:44:37,21:11:37,20:58:37,21:05:37,21:12:37,21:19:37,21:26:37,21:33:37,21:40:37,21:47:37,21:56:37,22:01:37,22:11:37,22:15:37,22:31:37,22:34:23,22:46:37,22:54:23,23:01:37,23:14:23,23:16:37,,,
PAGI,,,,,,,,,04:51:44,05:01:12,,,05:18:26,05:26:12,,,05:48:26,05:56:49,06:01:26,,06:18:26,06:25:26,06:32:26,06:39:26,06:46:26,06:53:26,07:00:26,07:07:26,07:14:26,07:21:26,07:28:26,07:35:26,07:42:26,07:49:26,07:56:26,08:03:26,08:10:26,08:17:26,08:24:26,08:31:26,08:38:26,08:45:26,08:52:26,08:59:26,09:06:26,09:13:26,09:20:26,09:27:26,09:34:26,09:41:26,09:48:26,09:55:26,10:02:26,10:09:26,10:16:26,10:23:26,10:30:26,10:37:26,10:44:26,10:51:26,10:58:26,11:05:26,11:12:26,11:19:26,11:26:26,11:33:26,11:40:26,11:47:26,11:54:26,12:01:26,12:08:26,12:15:26,12:22:26,12:29:26,12:36:26,12:43:26,12:50:26,12:57:26,13:04:26,13:11:26,13:18:26,13:25:26,13:32:26,13:39:26,13:46:26,13:53:26,14:00:26,14:07:26,14:14:26,14:21:26,14:28:26,14:35:26,14:42:26,14:49:26,14:56:26,15:03:26,15:10:26,15:17:26,15:24:26,15:31:26,15:38:26,15:45:26,15:52:26,15:59:26,16:06:26,16:13:26,16:20:26,16:27:26,16:34:26,16:41:26,16:48:26,16:55:26,17:02:26,17:09:26,17:16:26,17:23:26,17:30:26,17:37:26,17:44:26,17:51:26,17:58:26,18:05:26,18:12:26,18:19:26,18:26:26,18:33:26,18:40:26,18:47:26,18:54:26,19:01:26,19:08:26,19:15:26,19:22:26,19:29:26,19:36:26,19:43:26,19:50:26,19:57:26,20:04:26,20:11:26,20:18:26,20:25:26,20:32:26,20:39:26,20:46:26,,21:00:26,21:07:26,21:14:26,21:21:26,21:28:26,21:35:26,21:42:26,21:49:26,21:58:26,22:03:26,22:13:26,22:17:26,22:33:26,22:36:12,22:48:26,22:56:12,23:03:26,23:16:12,23:18:26,,,
UNRG,,,,,,,,,04:54:16,05:03:12,,,05:20:26,05:28:12,,,05:50:26,05:58:49,06:03:26,,06:20:26,06:27:26,06:34:26,06:41:26,06:48:26,06:55:26,07:02:26,07:09:26,07:16:26,07:23:26,07:30:26,07:37:26,07:44:26,07:51:26,07:58:26,08:05:26,08:12:26,08:19:26,08:26:26,08:33:26,08:40:26,08:47:26,08:54:26,09:01:26,09:08:26,09:15:26,09:22:26,09:29:26,09:36:26,09:43:26,09:50:26,09:57:26,10:04:26,10:11:26,10:18:26,10:25:26,10:32:26,10:39:26,10:46:26,10:53:26,11:00:26,11:07:26,11:14:26,11:21:26,11:28:26,11:35:26,11:42:26,11:49:26,11:56:26,12:03:26,12:10:26,12:17:26,12:24:26,12:31:26,12:38:26,12:45:26,12:52:26,12:59:26,13:06:26,13:13:26,13:20:26,13:27:26,13:34:26,13:41:26,13:48:26,13:55:26,14:02:26,14:09:26,14:16:26,14:23:26,14:30:26,14:37:26,14:44:26,14:51:26,14:58:26,15:05:26,15:12:26,15:19:26,15:26:26,15:33:26,15:40:26,15:47:26,15:54:26,16:01:26,16:08:26,16:15:26,16:22:26,16:29:26,16:36:26,16:43:26,16:50:26,16:57:26,17:04:26,17:11:26,17:18:26,17:25:26,17:32:26,17:39:26,17:46:26,17:53:26,18:00:26,18:07:26,18:14:26,18:21:26,18:28:26,18:35:26,18:42:26,18:49:26,18:56:26,19:03:26,19:10:26,19:17:26,19:24:26,19:31:26,19:38:26,19:45:26,19:52:26,19:59:26,20:06:26,20:13:26,20:20:26,20:27:26,20:34:26,20:41:26,20:48:26,,21:02:26,21:09:26,21:16:26,21:23:26,21:30:26,21:37:26,21:44:26,21:51:26,22:00:26,22:05:26,22:15:26,22:19:26,22:35:26,22:38:12,22:50:26,22:58:12,23:05:26,23:18:12,23:20:26,,,
SMSM,,,,,,,,,04:56:22,05:04:55,,,05:22:09,05:29:55,,,05:52:09,06:00:32,06:05:09,,06:22:09,06:29:09,06:36:09,06:43:09,06:50:09,06:57:09,07:04:09,07:11:09,07:18:09,07:25:09,07:32:09,07:39:09,07:46:09,07:53:09,08:00:09,08:07:09,08:14:09,08:21:09,08:28:09,08:35:09,08:42:09,08:49:09,08:56:09,09:03:09,09:10:09,09:17:09,09:24:09,09:31:09,09:38:09,09:45:09,09:52:09,09:59:09,10:06:09,10:13:09,10:20:09,10:27:09,10:34:09,10:41:09,10:48:09,10:55:09,11:02:09,11:09:09,11:16:09,11:23:09,11:30:09,11:37:09,11:44:09,11:51:09,11:58:09,12:05:09,12:12:09,12:19:09,12:26:09,12:33:09,12:40:09,12:47:09,12:54:09,13:01:09,13:08:09,13:15:09,13:22:09,13:29:09,13:36:09,13:43:09,13:50:09,13:57:09,14:04:09,14:11:09,14:18:09,14:25:09,14:32:09,14:39:09,14:46:09,14:53:09,15:00:09,15:07:09,15:14:09,15:21:09,15:28:09,15:35:09,15:42:09,15:49:09,15:56:09,16:03:09,16:10:09,16:17:09,16:24:09,16:31:09,16:38:09,16:45:09,16:52:09,16:59:09,17:06:09,17:13:09,17:20:09,17:27:09,17:34:09,17:41:09,17:48:09,17:55:09,18:02:09,18:09:09,18:16:09,18:23:09,18:30:09,18:37:09,18:44:09,18:51:09,18:58:09,19:05:09,19:12:09,19:19:09,19:26:09,19:33:09,19:40:09,19:47:09,19:54:09,20:01:09,20:08:09,20:15:09,20:22:09,20:29:09,20:36:09,20:43:09,20:50:09,,21:04:09,21:11:09,21:18:09,21:25:09,21:32:09,21:39:09,21:46:09,21:53:09,22:02:09,22:07:09,22:17:09,22:21:09,22:37:09,22:39:55,22:52:09,22:59:55,23:07:09,23:19:55,23:22:09,,,
NNOI,,,,,,,,,04:58:41,05:06:44,,,05:23:58,05:31:44,,,05:53:58,06:02:21,06:06:58,,06:23:58,06:30:58,06:37:58,06:44:58,06:51:58,06:58:58,07:05:58,07:12:58,07:19:58,07:26:58,07:33:58,07:40:58,07:47:58,07:54:58,08:01:58,08:08:58,08:15:58,08:22:58,08:29:58,08:36:58,08:43:58,08:50:58,08:57:58,09:04:58,09:11:58,09:18:58,09:25:58,09:32:58,09:39:58,09:46:58,09:53:58,10:00:58,10:07:58,10:14:58,10:21:58,10:28:58,10:35:58,10:42:58,10:49:58,10:56:58,11:03:58,11:10:58,11:17:58,11:24:58,11:31:58,11:38:58,11:45:58,11:52:58,11:59:58,12:06:58,12:13:58,12:20:58,12:27:58,12:34:58,12:41:58,12:48:58,12:55:58,13:02:58,13:09:58,13:16:58,13:23:58,13:30:58,13:37:58,13:44:58,13:51:58,13:58:58,14:05:58,14:12:58,14:19:58,14:26:58,14:33:58,14:40:58,14:47:58,14:54:58,15:01:58,15:08:58,15:15:58,15:22:58,15:29:58,15:36:58,15:43:58,15:50:58,15:57:58,16:04:58,16:11:58,16:18:58,16:25:58,16:32:58,16:39:58,16:46:58,16:53:58,17:00:58,17:07:58,17:14:58,17:21:58,17:28:58,17:35:58,17:42:58,17:49:58,17:56:58,18:03:58,18:10:58,18:17:58,18:24:58,18:31:58,18:38:58,18:45:58,18:52:58,18:59:58,19:06:58,19:13:58,19:20:58,19:27:58,19:34:58,19:41:58,19:48:58,19:55:58,20:02:58,20:09:58,20:16:58,20:23:58,20:30:58,20:37:58,20:44:58,20:51:58,,21:05:58,21:12:58,21:19:58,21:26:58,21:33:58,21:40:58,21:47:58,21:54:58,22:03:58,22:08:58,22:18:58,22:22:58,22:38:58,22:41:44,22:53:58,23:01:44,23:08:58,23:21:44,23:23:58,,,
NRSN,,,,,,,,,05:00:58,05:08:28,,,05:25:42,05:33:28,,,05:55:42,06:04:05,06:08:42,,06:25:42,06:32:42,06:39:42,06:46:42,06:53:42,07:00:42,07:07:42,07:14:42,07:21:42,07:28:42,07:35:42,07:42:42,07:49:42,07:56:42,08:03:42,08:10:42,08:17:42,08:24:42,08:31:42,08:38:42,08:45:42,08:52:42,08:59:42,09:06:42,09:13:42,09:20:42,09:27:42,09:34:42,09:41:42,09:48:42,09:55:42,10:02:42,10:09:42,10:16:42,10:23:42,10:30:42,10:37:42,10:44:42,10:51:42,10:58:42,11:05:42,11:12:42,11:19:42,11:26:42,11:33:42,11:40:42,11:47:42,11:54:42,12:01:42,12:08:42,12:15:42,12:22:42,12:29:42,12:36:42,12:43:42,12:50:42,12:57:42,13:04:42,13:11:42,13:18:42,13:25:42,13:32:42,13:39:42,13:46:42,13:53:42,14:00:42,14:07:42,14:14:42,14:21:42,14:28:42,14:35:42,14:42:42,14:49:42,14:56:42,15:03:42,15:10:42,15:17:42,15:24:42,15:31:42,15:38:42,15:45:42,15:52:42,15:59:42,16:06:42,16:13:42,16:20:42,16:27:42,16:34:42,16:41:42,16:48:42,16:55:42,17:02:42,17:09:42,17:16:42,17:23:42,17:30:42,17:37:42,17:44:42,17:51:42,17:58:42,18:05:42,18:12:42,18:19:42,18:26:42,18:33:42,18:40:42,18:47:42,18:54:42,19:01:42,19:08:42,19:15:42,19:22:42,19:29:42,19:36:42,19:43:42,19:50:42,19:57:42,20:04:42,20:11:42,20:18:42,20:25:42,20:32:42,20:39:42,20:46:42,20:53:42,,21:07:42,21:14:42,21:21:42,21:28:42,21:35:42,21:42:42,21:49:42,21:56:42,22:05:42,22:10:42,22:20:42,22:24:42,22:40:42,22:43:28,22:55:42,23:03:28,23:10:42,23:23:28,23:25:42,,,
RDPK,,,,,,,,,05:03:29,05:10:30,,,05:27:44,05:35:30,,,05:57:44,06:06:07,06:10:44,,06:27:44,06:34:44,06:41:44,06:48:44,06:55:44,07:02:44,07:09:44,07:16:44,07:23:44,07:30:44,07:37:44,07:44:44,07:51:44,07:58:44,08:05:44,08:12:44,08:19:44,08:26:44,08:33:44,08:40:44,08:47:44,08:54:44,09:01:44,09:08:44,09:15:44,09:22:44,09:29:44,09:36:44,09:43:44,09:50:44,09:57:44,10:04:44,10:11:44,10:18:44,10:25:44,10:32:44,10:39:44,10:46:44,10:53:44,11:00:44,11:07:44,11:14:44,11:21:44,11:28:44,11:35:44,11:42:44,11:49:44,11:56:44,12:03:44,12:10:44,12:17:44,12:24:44,12:31:44,12:38:44,12:45:44,12:52:44,12:59:44,13:06:44,13:13:44,13:20:44,13:27:44,13:34:44,13:41:44,13:48:44,13:55:44,14:02:44,14:09:44,14:16:44,14:23:44,14:30:44,14:37:44,14:44:44,14:51:44,14:58:44,15:05:44,15:12:44,15:19:44,15:26:44,15:33:44,15:40:44,15:47:44,15:54:44,16:01:44,16:08:44,16:15:44,16:22:44,16:29:44,16:36:44,16:43:44,16:50:44,16:57:44,17:04:44,17:11:44,17:18:44,17:25:44,17:32:44,17:39:44,17:46:44,17:53:44,18:00:44,18:07:44,18:14:44,18:21:44,18:28:44,18:35:44,18:42:44,18:49:44,18:56:44,19:03:44,19:10:44,19:17:44,19:24:44,19:31:44,19:38:44,19:45:44,19:52:44,19:59:44,20:06:44,20:13:44,20:20:44,20:27:44,20:34:44,20:41:44,20:48:44,20:55:44,,21:09:44,21:16:44,21:23:44,21:30:44,21:37:44,21:44:44,21:51:44,21:58:44,22:07:44,22:12:44,22:22:44,22:26:44,22:42:44,22:45:30,22:57:44,23:05:30,23:12:44,23:25:30,23:27:44,,,
CCDN,"PILOTING FROM APMN_ ILOK, 
SERVICE FROM MUDK UP","PILOTING FROM APMN_ ILOK, 
SERVICE FROM MUDK UP",,,,04:35:00,,,05:06:14,05:12:42,,,05:29:56,05:37:42,,05:55:00,05:59:56,06:08:19,06:12:56,06:20:00,06:29:56,06:36:56,06:43:56,06:50:56,06:57:56,07:04:56,07:11:56,07:18:56,07:25:56,07:32:56,07:39:56,07:46:56,07:53:56,08:00:56,08:07:56,08:14:56,08:21:56,08:28:56,08:35:56,08:42:56,08:49:56,08:56:56,09:03:56,09:10:56,09:17:56,09:24:56,09:31:56,09:38:56,09:45:56,09:52:56,09:59:56,10:06:56,10:13:56,10:20:56,10:27:56,10:34:56,10:41:56,10:48:56,10:55:56,11:02:56,11:09:56,11:16:56,11:23:56,11:30:56,11:37:56,11:44:56,11:51:56,11:58:56,12:05:56,12:12:56,12:19:56,12:26:56,12:33:56,12:40:56,12:47:56,12:54:56,13:01:56,13:08:56,13:15:56,13:22:56,13:29:56,13:36:56,13:43:56,13:50:56,13:57:56,14:04:56,14:11:56,14:18:56,14:25:56,14:32:56,14:39:56,14:46:56,14:53:56,15:00:56,15:07:56,15:14:56,15:21:56,15:28:56,15:35:56,15:42:56,15:49:56,15:56:56,16:03:56,16:10:56,16:17:56,16:24:56,16:31:56,16:38:56,16:45:56,16:52:56,16:59:56,17:06:56,17:13:56,17:20:56,17:27:56,17:34:56,17:41:56,17:48:56,17:55:56,18:02:56,18:09:56,18:16:56,18:23:56,18:30:56,18:37:56,18:44:56,18:51:56,18:58:56,19:05:56,19:12:56,19:19:56,19:26:56,19:33:56,19:40:56,19:47:56,19:54:56,20:01:56,20:08:56,20:15:56,20:22:56,20:29:56,20:36:56,20:43:56,20:50:56,20:57:56,,21:11:56,21:18:56,21:25:56,21:32:56,21:39:56,21:46:56,21:53:56,22:00:56,22:09:56,22:14:56,22:24:56,22:28:56,22:44:56,22:47:42,22:59:56,23:07:42,23:14:56,23:27:42,23:29:56,23:49:00,23:59:00,00:17:00
MIA,,,,,,04:38:42,,,05:08:16,05:14:44,,,05:31:58,05:39:44,,05:57:02,06:01:58,06:10:21,06:14:58,06:22:02,06:31:58,06:38:58,06:45:58,06:52:58,06:59:58,07:06:58,07:13:58,07:20:58,07:27:58,07:34:58,07:41:58,07:48:58,07:55:58,08:02:58,08:09:58,08:16:58,08:23:58,08:30:58,08:37:58,08:44:58,08:51:58,08:58:58,09:05:58,09:12:58,09:19:58,09:26:58,09:33:58,09:40:58,09:47:58,09:54:58,10:01:58,10:08:58,10:15:58,10:22:58,10:29:58,10:36:58,10:43:58,10:50:58,10:57:58,11:04:58,11:11:58,11:18:58,11:25:58,11:32:58,11:39:58,11:46:58,11:53:58,12:00:58,12:07:58,12:14:58,12:21:58,12:28:58,12:35:58,12:42:58,12:49:58,12:56:58,13:03:58,13:10:58,13:17:58,13:24:58,13:31:58,13:38:58,13:45:58,13:52:58,13:59:58,14:06:58,14:13:58,14:20:58,14:27:58,14:34:58,14:41:58,14:48:58,14:55:58,15:02:58,15:09:58,15:16:58,15:23:58,15:30:58,15:37:58,15:44:58,15:51:58,15:58:58,16:05:58,16:12:58,16:19:58,16:26:58,16:33:58,16:40:58,16:47:58,16:54:58,17:01:58,17:08:58,17:15:58,17:22:58,17:29:58,17:36:58,17:43:58,17:50:58,17:57:58,18:04:58,18:11:58,18:18:58,18:25:58,18:32:58,18:39:58,18:46:58,18:53:58,19:00:58,19:07:58,19:14:58,19:21:58,19:28:58,19:35:58,19:42:58,19:49:58,19:56:58,20:03:58,20:10:58,20:17:58,20:24:58,20:31:58,20:38:58,20:45:58,20:52:58,20:59:58,,21:13:58,21:20:58,21:27:58,21:34:58,21:41:58,21:48:58,21:55:58,22:02:58,22:11:58,22:16:58,22:26:58,22:30:58,22:46:58,22:49:44,23:01:58,23:09:44,23:16:58,23:29:44,23:31:58,,,
GVR,,,,,,04:42:12,,,05:10:50,05:17:18,,,05:34:32,05:42:18,,05:59:36,06:04:32,06:12:55,06:17:32,06:24:36,06:34:32,06:41:32,06:48:32,06:55:32,07:02:32,07:09:32,07:16:32,07:23:32,07:30:32,07:37:32,07:44:32,07:51:32,07:58:32,08:05:32,08:12:32,08:19:32,08:26:32,08:33:32,08:40:32,08:47:32,08:54:32,09:01:32,09:08:32,09:15:32,09:22:32,09:29:32,09:36:32,09:43:32,09:50:32,09:57:32,10:04:32,10:11:32,10:18:32,10:25:32,10:32:32,10:39:32,10:46:32,10:53:32,11:00:32,11:07:32,11:14:32,11:21:32,11:28:32,11:35:32,11:42:32,11:49:32,11:56:32,12:03:32,12:10:32,12:17:32,12:24:32,12:31:32,12:38:32,12:45:32,12:52:32,12:59:32,13:06:32,13:13:32,13:20:32,13:27:32,13:34:32,13:41:32,13:48:32,13:55:32,14:02:32,14:09:32,14:16:32,14:23:32,14:30:32,14:37:32,14:44:32,14:51:32,14:58:32,15:05:32,15:12:32,15:19:32,15:26:32,15:33:32,15:40:32,15:47:32,15:54:32,16:01:32,16:08:32,16:15:32,16:22:32,16:29:32,16:36:32,16:43:32,16:50:32,16:57:32,17:04:32,17:11:32,17:18:32,17:25:32,17:32:32,17:39:32,17:46:32,17:53:32,18:00:32,18:07:32,18:14:32,18:21:32,18:28:32,18:35:32,18:42:32,18:49:32,18:56:32,19:03:32,19:10:32,19:17:32,19:24:32,19:31:32,19:38:32,19:45:32,19:52:32,19:59:32,20:06:32,20:13:32,20:20:32,20:27:32,20:34:32,20:41:32,20:48:32,20:55:32,21:02:32,,21:16:32,21:23:32,21:30:32,21:37:32,21:44:32,21:51:32,21:58:32,22:05:32,22:14:32,22:19:32,22:29:32,22:33:32,22:49:32,22:52:18,23:04:32,23:12:18,23:19:32,23:32:18,23:34:32,,,
TKKL,,,,,,04:45:53,,,05:13:20,05:19:48,,,05:37:02,05:44:48,,06:02:06,06:07:02,06:15:25,06:20:02,06:27:06,06:37:02,06:44:02,06:51:02,06:58:02,07:05:02,07:12:02,07:19:02,07:26:02,07:33:02,07:40:02,07:47:02,07:54:02,08:01:02,08:08:02,08:15:02,08:22:02,08:29:02,08:36:02,08:43:02,08:50:02,08:57:02,09:04:02,09:11:02,09:18:02,09:25:02,09:32:02,09:39:02,09:46:02,09:53:02,10:00:02,10:07:02,10:14:02,10:21:02,10:28:02,10:35:02,10:42:02,10:49:02,10:56:02,11:03:02,11:10:02,11:17:02,11:24:02,11:31:02,11:38:02,11:45:02,11:52:02,11:59:02,12:06:02,12:13:02,12:20:02,12:27:02,12:34:02,12:41:02,12:48:02,12:55:02,13:02:02,13:09:02,13:16:02,13:23:02,13:30:02,13:37:02,13:44:02,13:51:02,13:58:02,14:05:02,14:12:02,14:19:02,14:26:02,14:33:02,14:40:02,14:47:02,14:54:02,15:01:02,15:08:02,15:15:02,15:22:02,15:29:02,15:36:02,15:43:02,15:50:02,15:57:02,16:04:02,16:11:02,16:18:02,16:25:02,16:32:02,16:39:02,16:46:02,16:53:02,17:00:02,17:07:02,17:14:02,17:21:02,17:28:02,17:35:02,17:42:02,17:49:02,17:56:02,18:03:02,18:10:02,18:17:02,18:24:02,18:31:02,18:38:02,18:45:02,18:52:02,18:59:02,19:06:02,19:13:02,19:20:02,19:27:02,19:34:02,19:41:02,19:48:02,19:55:02,20:02:02,20:09:02,20:16:02,20:23:02,20:30:02,20:37:02,20:44:02,20:51:02,20:58:02,21:05:02,,21:19:02,21:26:02,21:33:02,21:40:02,21:47:02,21:54:02,22:01:02,22:08:02,22:17:02,22:22:02,22:32:02,22:36:02,22:52:02,22:54:48,23:07:02,23:14:48,23:22:02,23:34:48,23:37:02,,,
TKBR,,,,,,04:48:52,,,05:15:23,05:21:51,,,05:39:05,05:46:51,,06:04:09,06:09:05,06:17:28,06:22:05,06:29:09,06:39:05,06:46:05,06:53:05,07:00:05,07:07:05,07:14:05,07:21:05,07:28:05,07:35:05,07:42:05,07:49:05,07:56:05,08:03:05,08:10:05,08:17:05,08:24:05,08:31:05,08:38:05,08:45:05,08:52:05,08:59:05,09:06:05,09:13:05,09:20:05,09:27:05,09:34:05,09:41:05,09:48:05,09:55:05,10:02:05,10:09:05,10:16:05,10:23:05,10:30:05,10:37:05,10:44:05,10:51:05,10:58:05,11:05:05,11:12:05,11:19:05,11:26:05,11:33:05,11:40:05,11:47:05,11:54:05,12:01:05,12:08:05,12:15:05,12:22:05,12:29:05,12:36:05,12:43:05,12:50:05,12:57:05,13:04:05,13:11:05,13:18:05,13:25:05,13:32:05,13:39:05,13:46:05,13:53:05,14:00:05,14:07:05,14:14:05,14:21:05,14:28:05,14:35:05,14:42:05,14:49:05,14:56:05,15:03:05,15:10:05,15:17:05,15:24:05,15:31:05,15:38:05,15:45:05,15:52:05,15:59:05,16:06:05,16:13:05,16:20:05,16:27:05,16:34:05,16:41:05,16:48:05,16:55:05,17:02:05,17:09:05,17:16:05,17:23:05,17:30:05,17:37:05,17:44:05,17:51:05,17:58:05,18:05:05,18:12:05,18:19:05,18:26:05,18:33:05,18:40:05,18:47:05,18:54:05,19:01:05,19:08:05,19:15:05,19:22:05,19:29:05,19:36:05,19:43:05,19:50:05,19:57:05,20:04:05,20:11:05,20:18:05,20:25:05,20:32:05,20:39:05,20:46:05,20:53:05,21:00:05,21:07:05,,21:21:05,21:28:05,21:35:05,21:42:05,21:49:05,21:56:05,22:03:05,22:10:05,22:19:05,22:24:05,22:34:05,22:38:05,22:54:05,22:56:51,23:09:05,23:16:51,23:24:05,23:36:51,23:39:05,,,
MIE,,,,,04:30:00,04:50:50,05:00:00,,05:17:21,05:23:49,,,05:41:03,05:48:49,,06:06:07,06:11:03,06:19:26,06:24:03,06:31:07,06:41:03,06:48:03,06:55:03,07:02:03,07:09:03,07:16:03,07:23:03,07:30:03,07:37:03,07:44:03,07:51:03,07:58:03,08:05:03,08:12:03,08:19:03,08:26:03,08:33:03,08:40:03,08:47:03,08:54:03,09:01:03,09:08:03,09:15:03,09:22:03,09:29:03,09:36:03,09:43:03,09:50:03,09:57:03,10:04:03,10:11:03,10:18:03,10:25:03,10:32:03,10:39:03,10:46:03,10:53:03,11:00:03,11:07:03,11:14:03,11:21:03,11:28:03,11:35:03,11:42:03,11:49:03,11:56:03,12:03:03,12:10:03,12:17:03,12:24:03,12:31:03,12:38:03,12:45:03,12:52:03,12:59:03,13:06:03,13:13:03,13:20:03,13:27:03,13:34:03,13:41:03,13:48:03,13:55:03,14:02:03,14:09:03,14:16:03,14:23:03,14:30:03,14:37:03,14:44:03,14:51:03,14:58:03,15:05:03,15:12:03,15:19:03,15:26:03,15:33:03,15:40:03,15:47:03,15:54:03,16:01:03,16:08:03,16:15:03,16:22:03,16:29:03,16:36:03,16:43:03,16:50:03,16:57:03,17:04:03,17:11:03,17:18:03,17:25:03,17:32:03,17:39:03,17:46:03,17:53:03,18:00:03,18:07:03,18:14:03,18:21:03,18:28:03,18:35:03,18:42:03,18:49:03,18:56:03,19:03:03,19:10:03,19:17:03,19:24:03,19:31:03,19:38:03,19:45:03,19:52:03,19:59:03,20:06:03,20:13:03,20:20:03,20:27:03,20:34:03,20:41:03,20:48:03,20:55:03,21:02:03,21:09:03,,21:23:03,21:30:03,21:37:03,21:44:03,21:51:03,21:58:03,22:05:03,22:12:03,22:21:03,22:26:03,22:36:03,22:40:03,22:56:03,22:58:49,23:11:03,23:18:49,23:26:03,23:38:49,23:41:03,,,
BSS,,,,,04:33:13,04:53:08,05:02:18,,05:19:39,05:26:07,,,05:43:21,05:51:07,,06:08:25,06:13:21,06:21:44,06:26:21,06:33:25,06:43:21,06:50:21,06:57:21,07:04:21,07:11:21,07:18:21,07:25:21,07:32:21,07:39:21,07:46:21,07:53:21,08:00:21,08:07:21,08:14:21,08:21:21,08:28:21,08:35:21,08:42:21,08:49:21,08:56:21,09:03:21,09:10:21,09:17:21,09:24:21,09:31:21,09:38:21,09:45:21,09:52:21,09:59:21,10:06:21,10:13:21,10:20:21,10:27:21,10:34:21,10:41:21,10:48:21,10:55:21,11:02:21,11:09:21,11:16:21,11:23:21,11:30:21,11:37:21,11:44:21,11:51:21,11:58:21,12:05:21,12:12:21,12:19:21,12:26:21,12:33:21,12:40:21,12:47:21,12:54:21,13:01:21,13:08:21,13:15:21,13:22:21,13:29:21,13:36:21,13:43:21,13:50:21,13:57:21,14:04:21,14:11:21,14:18:21,14:25:21,14:32:21,14:39:21,14:46:21,14:53:21,15:00:21,15:07:21,15:14:21,15:21:21,15:28:21,15:35:21,15:42:21,15:49:21,15:56:21,16:03:21,16:10:21,16:17:21,16:24:21,16:31:21,16:38:21,16:45:21,16:52:21,16:59:21,17:06:21,17:13:21,17:20:21,17:27:21,17:34:21,17:41:21,17:48:21,17:55:21,18:02:21,18:09:21,18:16:21,18:23:21,18:30:21,18:37:21,18:44:21,18:51:21,18:58:21,19:05:21,19:12:21,19:19:21,19:26:21,19:33:21,19:40:21,19:47:21,19:54:21,20:01:21,20:08:21,20:15:21,20:22:21,20:29:21,20:36:21,20:43:21,20:50:21,20:57:21,21:04:21,21:11:21,,21:25:21,21:32:21,21:39:21,21:46:21,21:53:21,22:00:21,22:07:21,22:14:21,22:23:21,22:28:21,22:38:21,22:42:21,22:58:21,23:01:07,23:13:21,23:21:07,23:28:21,23:41:07,23:43:21,,,
CIPK,,,,,04:36:54,04:55:32,05:04:42,,05:22:03,05:28:31,,,05:45:45,05:53:31,,06:10:49,06:15:45,06:24:08,06:28:45,06:35:49,06:45:45,06:52:45,06:59:45,07:06:45,07:13:45,07:20:45,07:27:45,07:34:45,07:41:45,07:48:45,07:55:45,08:02:45,08:09:45,08:16:45,08:23:45,08:30:45,08:37:45,08:44:45,08:51:45,08:58:45,09:05:45,09:12:45,09:19:45,09:26:45,09:33:45,09:40:45,09:47:45,09:54:45,10:01:45,10:08:45,10:15:45,10:22:45,10:29:45,10:36:45,10:43:45,10:50:45,10:57:45,11:04:45,11:11:45,11:18:45,11:25:45,11:32:45,11:39:45,11:46:45,11:53:45,12:00:45,12:07:45,12:14:45,12:21:45,12:28:45,12:35:45,12:42:45,12:49:45,12:56:45,13:03:45,13:10:45,13:17:45,13:24:45,13:31:45,13:38:45,13:45:45,13:52:45,13:59:45,14:06:45,14:13:45,14:20:45,14:27:45,14:34:45,14:41:45,14:48:45,14:55:45,15:02:45,15:09:45,15:16:45,15:23:45,15:30:45,15:37:45,15:44:45,15:51:45,15:58:45,16:05:45,16:12:45,16:19:45,16:26:45,16:33:45,16:40:45,16:47:45,16:54:45,17:01:45,17:08:45,17:15:45,17:22:45,17:29:45,17:36:45,17:43:45,17:50:45,17:57:45,18:04:45,18:11:45,18:18:45,18:25:45,18:32:45,18:39:45,18:46:45,18:53:45,19:00:45,19:07:45,19:14:45,19:21:45,19:28:45,19:35:45,19:42:45,19:49:45,19:56:45,20:03:45,20:10:45,20:17:45,20:24:45,20:31:45,20:38:45,20:45:45,20:52:45,20:59:45,21:06:45,21:13:45,,21:27:45,21:34:45,21:41:45,21:48:45,21:55:45,22:02:45,22:09:45,22:16:45,22:25:45,22:30:45,22:40:45,22:44:45,23:00:45,23:03:31,23:15:45,23:23:31,23:30:45,23:43:31,23:45:45,,,
CIPK,SERVICE FROM MUDK UP,SERVICE FROM MUDK UP,03:40:00,04:00:00,04:40:00,05:00:00,05:08:00,SERVICE FROM MUDK UP,05:25:00,05:35:00,SERVICE FROM MUDK UP,,05:50:00,06:00:00,SERVICE FROM MUDK UP,06:15:00,06:22:00,06:29:00,06:36:00,06:42:00,06:49:00,06:56:00,07:03:00,07:10:00,07:17:00,07:24:00,07:31:00,07:38:00,07:45:00,07:52:00,07:59:00,08:06:00,08:13:00,08:20:00,08:27:00,08:34:00,08:41:00,08:48:00,08:55:00,09:02:00,09:09:00,09:16:00,09:23:00,09:30:00,09:37:00,09:44:00,09:51:00,09:58:00,10:05:00,10:12:00,10:19:00,10:26:00,10:33:00,10:40:00,10:47:00,10:54:00,11:01:00,11:08:00,11:15:00,11:22:00,11:29:00,11:36:00,11:43:00,11:50:00,11:57:00,12:04:00,12:11:00,12:18:00,12:25:00,12:32:00,12:39:00,12:46:00,12:53:00,13:00:00,13:07:00,13:14:00,13:21:00,13:28:00,13:35:00,13:42:00,13:49:00,13:56:00,14:03:00,14:10:00,14:17:00,14:24:00,14:31:00,14:38:00,14:45:00,14:52:00,14:59:00,15:06:00,15:13:00,15:20:00,15:27:00,15:34:00,15:41:00,15:48:00,15:55:00,16:02:00,16:09:00,16:16:00,16:23:00,16:30:00,16:37:00,16:44:00,16:51:00,16:58:00,17:05:00,17:12:00,17:19:00,17:26:00,17:33:00,17:40:00,17:47:00,17:54:00,18:01:00,18:08:00,18:15:00,18:22:00,18:29:00,18:36:00,18:43:00,18:50:00,18:57:00,19:04:00,19:11:00,19:18:00,19:25:00,19:32:00,19:39:00,19:46:00,19:53:00,20:00:00,20:07:00,20:14:00,20:21:00,20:28:00,20:35:00,20:42:00,20:49:00,20:56:00,21:03:00,21:10:00,21:20:00,,21:31:00,21:38:00,21:45:00,21:52:00,22:00:00,22:06:00,22:15:00,22:20:00,22:30:00,22:35:00,22:45:00,23:00:00,23:20:45,23:06:46,23:35:45,23:26:46,23:34:00,23:46:46,23:49:00,,,
BSS,,,04:03:41,04:22:19,04:42:19,05:02:19,05:10:19,,05:27:19,05:37:19,,,05:52:19,06:02:19,,06:17:19,06:24:19,06:31:19,06:38:19,06:44:19,06:51:19,06:58:19,07:05:19,07:12:19,07:19:19,07:26:19,07:33:19,07:40:19,07:47:19,07:54:19,08:01:19,08:08:19,08:15:19,08:22:19,08:29:19,08:36:19,08:43:19,08:50:19,08:57:19,09:04:19,09:11:19,09:18:19,09:25:19,09:32:19,09:39:19,09:46:19,09:53:19,10:00:19,10:07:19,10:14:19,10:21:19,10:28:19,10:35:19,10:42:19,10:49:19,10:56:19,11:03:19,11:10:19,11:17:19,11:24:19,11:31:19,11:38:19,11:45:19,11:52:19,11:59:19,12:06:19,12:13:19,12:20:19,12:27:19,12:34:19,12:41:19,12:48:19,12:55:19,13:02:19,13:09:19,13:16:19,13:23:19,13:30:19,13:37:19,13:44:19,13:51:19,13:58:19,14:05:19,14:12:19,14:19:19,14:26:19,14:33:19,14:40:19,14:47:19,14:54:19,15:01:19,15:08:19,15:15:19,15:22:19,15:29:19,15:36:19,15:43:19,15:50:19,15:57:19,16:04:19,16:11:19,16:18:19,16:25:19,16:32:19,16:39:19,16:46:19,16:53:19,17:00:19,17:07:19,17:14:19,17:21:19,17:28:19,17:35:19,17:42:19,17:49:19,17:56:19,18:03:19,18:10:19,18:17:19,18:24:19,18:31:19,18:38:19,18:45:19,18:52:19,18:59:19,19:06:19,19:13:19,19:20:19,19:27:19,19:34:19,19:41:19,19:48:19,19:55:19,20:02:19,20:09:19,20:16:19,20:23:19,20:30:19,20:37:19,20:44:19,20:51:19,20:58:19,21:05:19,21:12:19,21:22:19,EMPTY AT PVW DN THEN STABLE AT SDG,21:33:19,21:40:19,21:47:19,21:54:19,22:02:19,22:08:19,22:17:19,22:22:19,22:32:19,22:37:19,22:47:19,23:02:19,EMPTY AT CIPK DN PF THEN STABLE AT CIPK DN SDG,NON REV DEPOT,EMPTY AT CIPK DN PF THEN STABLE AT CIPK UP SDG,,,NON REV DEPOT,NON REV DEPOT,DEPOT,DEPOT,RUSTY THEN DEPOT
MIE,,,04:06:54,04:24:29,04:44:29,05:04:29,05:12:29,,05:29:29,05:39:29,,05:50:00,05:54:29,06:04:29,,06:19:29,06:26:29,06:33:29,06:40:29,06:46:29,06:53:29,07:00:29,07:07:29,07:14:29,07:21:29,07:28:29,07:35:29,07:42:29,07:49:29,07:56:29,08:03:29,08:10:29,08:17:29,08:24:29,08:31:29,08:38:29,08:45:29,08:52:29,08:59:29,09:06:29,09:13:29,09:20:29,09:27:29,09:34:29,09:41:29,09:48:29,09:55:29,10:02:29,10:09:29,10:16:29,10:23:29,10:30:29,10:37:29,10:44:29,10:51:29,10:58:29,11:05:29,11:12:29,11:19:29,11:26:29,11:33:29,11:40:29,11:47:29,11:54:29,12:01:29,12:08:29,12:15:29,12:22:29,12:29:29,12:36:29,12:43:29,12:50:29,12:57:29,13:04:29,13:11:29,13:18:29,13:25:29,13:32:29,13:39:29,13:46:29,13:53:29,14:00:29,14:07:29,14:14:29,14:21:29,14:28:29,14:35:29,14:42:29,14:49:29,14:56:29,15:03:29,15:10:29,15:17:29,15:24:29,15:31:29,15:38:29,15:45:29,15:52:29,15:59:29,16:06:29,16:13:29,16:20:29,16:27:29,16:34:29,16:41:29,16:48:29,16:55:29,17:02:29,17:09:29,17:16:29,17:23:29,17:30:29,17:37:29,17:44:29,17:51:29,17:58:29,18:05:29,18:12:29,18:19:29,18:26:29,18:33:29,18:40:29,18:47:29,18:54:29,19:01:29,19:08:29,19:15:29,19:22:29,19:29:29,19:36:29,19:43:29,19:50:29,19:57:29,20:04:29,20:11:29,20:18:29,20:25:29,20:32:29,20:39:29,20:46:29,20:53:29,21:00:29,21:07:29,21:14:29,21:24:29,,21:35:29,21:42:29,21:49:29,21:56:29,22:04:29,22:10:29,22:19:29,22:24:29,22:34:29,22:39:29,22:49:29,23:04:29,,,,23:32:00,23:39:00,,,,,
TKBR,,,04:09:50,04:26:26,04:46:26,05:06:26,05:14:26,,05:31:26,05:41:26,,05:51:57,05:56:26,06:06:26,,06:21:26,06:28:26,06:35:26,06:42:26,06:48:26,06:55:26,07:02:26,07:09:26,07:16:26,07:23:26,07:30:26,07:37:26,07:44:26,07:51:26,07:58:26,08:05:26,08:12:26,08:19:26,08:26:26,08:33:26,08:40:26,08:47:26,08:54:26,09:01:26,09:08:26,09:15:26,09:22:26,09:29:26,09:36:26,09:43:26,09:50:26,09:57:26,10:04:26,10:11:26,10:18:26,10:25:26,10:32:26,10:39:26,10:46:26,10:53:26,11:00:26,11:07:26,11:14:26,11:21:26,11:28:26,11:35:26,11:42:26,11:49:26,11:56:26,12:03:26,12:10:26,12:17:26,12:24:26,12:31:26,12:38:26,12:45:26,12:52:26,12:59:26,13:06:26,13:13:26,13:20:26,13:27:26,13:34:26,13:41:26,13:48:26,13:55:26,14:02:26,14:09:26,14:16:26,14:23:26,14:30:26,14:37:26,14:44:26,14:51:26,14:58:26,15:05:26,15:12:26,15:19:26,15:26:26,15:33:26,15:40:26,15:47:26,15:54:26,16:01:26,16:08:26,16:15:26,16:22:26,16:29:26,16:36:26,16:43:26,16:50:26,16:57:26,17:04:26,17:11:26,17:18:26,17:25:26,17:32:26,17:39:26,17:46:26,17:53:26,18:00:26,18:07:26,18:14:26,18:21:26,18:28:26,18:35:26,18:42:26,18:49:26,18:56:26,19:03:26,19:10:26,19:17:26,19:24:26,19:31:26,19:38:26,19:45:26,19:52:26,19:59:26,20:06:26,20:13:26,20:20:26,20:27:26,20:34:26,20:41:26,20:48:26,20:55:26,21:02:26,21:09:26,21:16:26,21:26:26,,21:37:26,21:44:26,21:51:26,21:58:26,22:06:26,22:12:26,22:21:26,22:26:26,22:36:26,,22:51:26,23:06:26,,,,,,,,,,
TKKL,,,04:12:49,04:28:27,04:48:27,05:08:27,05:16:27,,05:33:27,05:43:27,,05:53:58,05:58:27,06:08:27,,06:23:27,06:30:27,06:37:27,06:44:27,06:50:27,06:57:27,07:04:27,07:11:27,07:18:27,07:25:27,07:32:27,07:39:27,07:46:27,07:53:27,08:00:27,08:07:27,08:14:27,08:21:27,08:28:27,08:35:27,08:42:27,08:49:27,08:56:27,09:03:27,09:10:27,09:17:27,09:24:27,09:31:27,09:38:27,09:45:27,09:52:27,09:59:27,10:06:27,10:13:27,10:20:27,10:27:27,10:34:27,10:41:27,10:48:27,10:55:27,11:02:27,11:09:27,11:16:27,11:23:27,11:30:27,11:37:27,11:44:27,11:51:27,11:58:27,12:05:27,12:12:27,12:19:27,12:26:27,12:33:27,12:40:27,12:47:27,12:54:27,13:01:27,13:08:27,13:15:27,13:22:27,13:29:27,13:36:27,13:43:27,13:50:27,13:57:27,14:04:27,14:11:27,14:18:27,14:25:27,14:32:27,14:39:27,14:46:27,14:53:27,15:00:27,15:07:27,15:14:27,15:21:27,15:28:27,15:35:27,15:42:27,15:49:27,15:56:27,16:03:27,16:10:27,16:17:27,16:24:27,16:31:27,16:38:27,16:45:27,16:52:27,16:59:27,17:06:27,17:13:27,17:20:27,17:27:27,17:34:27,17:41:27,17:48:27,17:55:27,18:02:27,18:09:27,18:16:27,18:23:27,18:30:27,18:37:27,18:44:27,18:51:27,18:58:27,19:05:27,19:12:27,19:19:27,19:26:27,19:33:27,19:40:27,19:47:27,19:54:27,20:01:27,20:08:27,20:15:27,20:22:27,20:29:27,20:36:27,20:43:27,20:50:27,20:57:27,21:04:27,21:11:27,21:18:27,21:28:27,,21:39:27,21:46:27,21:53:27,22:00:27,22:08:27,22:14:27,22:23:27,22:28:27,22:38:27,EMPTY AT MIEE UP THEN DEPOT,22:53:27,23:08:27,,,,NON REV DEPOT,NON REV DEPOT,,,,,
GVR,,,04:16:30,04:30:54,04:50:54,05:10:54,05:18:54,,05:35:54,05:45:54,,05:56:25,06:00:54,06:10:54,,06:25:54,06:32:54,06:39:54,06:46:54,06:52:54,06:59:54,07:06:54,07:13:54,07:20:54,07:27:54,07:34:54,07:41:54,07:48:54,07:55:54,08:02:54,08:09:54,08:16:54,08:23:54,08:30:54,08:37:54,08:44:54,08:51:54,08:58:54,09:05:54,09:12:54,09:19:54,09:26:54,09:33:54,09:40:54,09:47:54,09:54:54,10:01:54,10:08:54,10:15:54,10:22:54,10:29:54,10:36:54,10:43:54,10:50:54,10:57:54,11:04:54,11:11:54,11:18:54,11:25:54,11:32:54,11:39:54,11:46:54,11:53:54,12:00:54,12:07:54,12:14:54,12:21:54,12:28:54,12:35:54,12:42:54,12:49:54,12:56:54,13:03:54,13:10:54,13:17:54,13:24:54,13:31:54,13:38:54,13:45:54,13:52:54,13:59:54,14:06:54,14:13:54,14:20:54,14:27:54,14:34:54,14:41:54,14:48:54,14:55:54,15:02:54,15:09:54,15:16:54,15:23:54,15:30:54,15:37:54,15:44:54,15:51:54,15:58:54,16:05:54,16:12:54,16:19:54,16:26:54,16:33:54,16:40:54,16:47:54,16:54:54,17:01:54,17:08:54,17:15:54,17:22:54,17:29:54,17:36:54,17:43:54,17:50:54,17:57:54,18:04:54,18:11:54,18:18:54,18:25:54,18:32:54,18:39:54,18:46:54,18:53:54,19:00:54,19:07:54,19:14:54,19:21:54,19:28:54,19:35:54,19:42:54,19:49:54,19:56:54,20:03:54,20:10:54,20:17:54,20:24:54,20:31:54,20:38:54,20:45:54,20:52:54,20:59:54,21:06:54,21:13:54,21:20:54,21:30:54,,21:41:54,21:48:54,21:55:54,22:02:54,22:10:54,22:16:54,22:25:54,22:30:54,22:40:54,,22:55:54,23:10:54,,,,,,,,,,
MIA,,,04:20:00,04:33:28,04:53:28,05:13:28,05:21:28,,05:38:28,05:48:28,,05:58:59,06:03:28,06:13:28,,06:28:28,06:35:28,06:42:28,06:49:28,06:55:28,07:02:28,07:09:28,07:16:28,07:23:28,07:30:28,07:37:28,07:44:28,07:51:28,07:58:28,08:05:28,08:12:28,08:19:28,08:26:28,08:33:28,08:40:28,08:47:28,08:54:28,09:01:28,09:08:28,09:15:28,09:22:28,09:29:28,09:36:28,09:43:28,09:50:28,09:57:28,10:04:28,10:11:28,10:18:28,10:25:28,10:32:28,10:39:28,10:46:28,10:53:28,11:00:28,11:07:28,11:14:28,11:21:28,11:28:28,11:35:28,11:42:28,11:49:28,11:56:28,12:03:28,12:10:28,12:17:28,12:24:28,12:31:28,12:38:28,12:45:28,12:52:28,12:59:28,13:06:28,13:13:28,13:20:28,13:27:28,13:34:28,13:41:28,13:48:28,13:55:28,14:02:28,14:09:28,14:16:28,14:23:28,14:30:28,14:37:28,14:44:28,14:51:28,14:58:28,15:05:28,15:12:28,15:19:28,15:26:28,15:33:28,15:40:28,15:47:28,15:54:28,16:01:28,16:08:28,16:15:28,16:22:28,16:29:28,16:36:28,16:43:28,16:50:28,16:57:28,17:04:28,17:11:28,17:18:28,17:25:28,17:32:28,17:39:28,17:46:28,17:53:28,18:00:28,18:07:28,18:14:28,18:21:28,18:28:28,18:35:28,18:42:28,18:49:28,18:56:28,19:03:28,19:10:28,19:17:28,19:24:28,19:31:28,19:38:28,19:45:28,19:52:28,19:59:28,20:06:28,20:13:28,20:20:28,20:27:28,20:34:28,20:41:28,20:48:28,20:55:28,21:02:28,21:09:28,21:16:28,21:23:28,21:33:28,,21:44:28,21:51:28,21:58:28,22:05:28,22:13:28,22:19:28,22:28:28,22:33:28,22:43:28,,22:58:28,23:13:28,,,,,,,,,,
CCUP,03:45:00,04:00:00,04:23:42,04:35:42,04:55:42,05:15:42,05:23:42,05:28:42,05:40:42,05:50:42,05:55:42,06:01:13,06:05:42,06:15:42,06:22:42,06:30:42,06:37:42,06:44:42,06:51:42,06:57:42,07:04:42,07:11:42,07:18:42,07:25:42,07:32:42,07:39:42,07:46:42,07:53:42,08:00:42,08:07:42,08:14:42,08:21:42,08:28:42,08:35:42,08:42:42,08:49:42,08:56:42,09:03:42,09:10:42,09:17:42,09:24:42,09:31:42,09:38:42,09:45:42,09:52:42,09:59:42,10:06:42,10:13:42,10:20:42,10:27:42,10:34:42,10:41:42,10:48:42,10:55:42,11:02:42,11:09:42,11:16:42,11:23:42,11:30:42,11:37:42,11:44:42,11:51:42,11:58:42,12:05:42,12:12:42,12:19:42,12:26:42,12:33:42,12:40:42,12:47:42,12:54:42,13:01:42,13:08:42,13:15:42,13:22:42,13:29:42,13:36:42,13:43:42,13:50:42,13:57:42,14:04:42,14:11:42,14:18:42,14:25:42,14:32:42,14:39:42,14:46:42,14:53:42,15:00:42,15:07:42,15:14:42,15:21:42,15:28:42,15:35:42,15:42:42,15:49:42,15:56:42,16:03:42,16:10:42,16:17:42,16:24:42,16:31:42,16:38:42,16:45:42,16:52:42,16:59:42,17:06:42,17:13:42,17:20:42,17:27:42,17:34:42,17:41:42,17:48:42,17:55:42,18:02:42,18:09:42,18:16:42,18:23:42,18:30:42,18:37:42,18:44:42,18:51:42,18:58:42,19:05:42,19:12:42,19:19:42,19:26:42,19:33:42,19:40:42,19:47:42,19:54:42,20:01:42,20:08:42,20:15:42,20:22:42,20:29:42,20:36:42,20:43:42,20:50:42,20:57:42,21:04:42,21:11:42,21:18:42,21:25:42,21:35:42,,21:46:42,21:53:42,22:00:42,22:07:42,22:15:42,22:21:42,22:30:42,22:35:42,22:45:42,,23:00:42,23:15:42,,23:22:00,,,,00:02:28,00:02:28,,,
RDPK,03:47:36,04:02:07,04:25:49,04:37:49,04:57:49,05:17:49,05:25:49,05:30:49,05:42:49,05:52:49,05:57:49,06:03:20,06:07:49,06:17:49,06:24:49,06:32:49,06:39:49,06:46:49,06:53:49,06:59:49,07:06:49,07:13:49,07:20:49,07:27:49,07:34:49,07:41:49,07:48:49,07:55:49,08:02:49,08:09:49,08:16:49,08:23:49,08:30:49,08:37:49,08:44:49,08:51:49,08:58:49,09:05:49,09:12:49,09:19:49,09:26:49,09:33:49,09:40:49,09:47:49,09:54:49,10:01:49,10:08:49,10:15:49,10:22:49,10:29:49,10:36:49,10:43:49,10:50:49,10:57:49,11:04:49,11:11:49,11:18:49,11:25:49,11:32:49,11:39:49,11:46:49,11:53:49,12:00:49,12:07:49,12:14:49,12:21:49,12:28:49,12:35:49,12:42:49,12:49:49,12:56:49,13:03:49,13:10:49,13:17:49,13:24:49,13:31:49,13:38:49,13:45:49,13:52:49,13:59:49,14:06:49,14:13:49,14:20:49,14:27:49,14:34:49,14:41:49,14:48:49,14:55:49,15:02:49,15:09:49,15:16:49,15:23:49,15:30:49,15:37:49,15:44:49,15:51:49,15:58:49,16:05:49,16:12:49,16:19:49,16:26:49,16:33:49,16:40:49,16:47:49,16:54:49,17:01:49,17:08:49,17:15:49,17:22:49,17:29:49,17:36:49,17:43:49,17:50:49,17:57:49,18:04:49,18:11:49,18:18:49,18:25:49,18:32:49,18:39:49,18:46:49,18:53:49,19:00:49,19:07:49,19:14:49,19:21:49,19:28:49,19:35:49,19:42:49,19:49:49,19:56:49,20:03:49,20:10:49,20:17:49,20:24:49,20:31:49,20:38:49,20:45:49,20:52:49,20:59:49,21:06:49,21:13:49,21:20:49,21:27:49,21:37:49,,21:48:49,21:55:49,22:02:49,22:09:49,22:17:49,22:23:49,22:32:49,,22:47:49,,23:02:49,23:17:49,,,,,,,,,,
NRSN,03:50:21,04:04:05,04:27:47,04:39:47,04:59:47,05:19:47,05:27:47,05:32:47,05:44:47,05:54:47,05:59:47,06:05:18,06:09:47,06:19:47,06:26:47,06:34:47,06:41:47,06:48:47,06:55:47,07:01:47,07:08:47,07:15:47,07:22:47,07:29:47,07:36:47,07:43:47,07:50:47,07:57:47,08:04:47,08:11:47,08:18:47,08:25:47,08:32:47,08:39:47,08:46:47,08:53:47,09:00:47,09:07:47,09:14:47,09:21:47,09:28:47,09:35:47,09:42:47,09:49:47,09:56:47,10:03:47,10:10:47,10:17:47,10:24:47,10:31:47,10:38:47,10:45:47,10:52:47,10:59:47,11:06:47,11:13:47,11:20:47,11:27:47,11:34:47,11:41:47,11:48:47,11:55:47,12:02:47,12:09:47,12:16:47,12:23:47,12:30:47,12:37:47,12:44:47,12:51:47,12:58:47,13:05:47,13:12:47,13:19:47,13:26:47,13:33:47,13:40:47,13:47:47,13:54:47,14:01:47,14:08:47,14:15:47,14:22:47,14:29:47,14:36:47,14:43:47,14:50:47,14:57:47,15:04:47,15:11:47,15:18:47,15:25:47,15:32:47,15:39:47,15:46:47,15:53:47,16:00:47,16:07:47,16:14:47,16:21:47,16:28:47,16:35:47,16:42:47,16:49:47,16:56:47,17:03:47,17:10:47,17:17:47,17:24:47,17:31:47,17:38:47,17:45:47,17:52:47,17:59:47,18:06:47,18:13:47,18:20:47,18:27:47,18:34:47,18:41:47,18:48:47,18:55:47,19:02:47,19:09:47,19:16:47,19:23:47,19:30:47,19:37:47,19:44:47,19:51:47,19:58:47,20:05:47,20:12:47,20:19:47,20:26:47,20:33:47,20:40:47,20:47:47,20:54:47,21:01:47,21:08:47,21:15:47,21:22:47,21:29:47,21:39:47,,21:50:47,21:57:47,22:04:47,22:11:47,22:19:47,22:25:47,22:34:47,EMPTY AT MUDK UP THEN DEPOT,22:49:47,,23:04:47,23:19:47,,,,,,,,,,
NNOI,03:52:35,04:05:48,04:29:30,04:41:30,05:01:30,05:21:30,05:29:30,05:34:30,05:46:30,05:56:30,06:01:30,06:07:01,06:11:30,06:21:30,06:28:30,06:36:30,06:43:30,06:50:30,06:57:30,07:03:30,07:10:30,07:17:30,07:24:30,07:31:30,07:38:30,07:45:30,07:52:30,07:59:30,08:06:30,08:13:30,08:20:30,08:27:30,08:34:30,08:41:30,08:48:30,08:55:30,09:02:30,09:09:30,09:16:30,09:23:30,09:30:30,09:37:30,09:44:30,09:51:30,09:58:30,10:05:30,10:12:30,10:19:30,10:26:30,10:33:30,10:40:30,10:47:30,10:54:30,11:01:30,11:08:30,11:15:30,11:22:30,11:29:30,11:36:30,11:43:30,11:50:30,11:57:30,12:04:30,12:11:30,12:18:30,12:25:30,12:32:30,12:39:30,12:46:30,12:53:30,13:00:30,13:07:30,13:14:30,13:21:30,13:28:30,13:35:30,13:42:30,13:49:30,13:56:30,14:03:30,14:10:30,14:17:30,14:24:30,14:31:30,14:38:30,14:45:30,14:52:30,14:59:30,15:06:30,15:13:30,15:20:30,15:27:30,15:34:30,15:41:30,15:48:30,15:55:30,16:02:30,16:09:30,16:16:30,16:23:30,16:30:30,16:37:30,16:44:30,16:51:30,16:58:30,17:05:30,17:12:30,17:19:30,17:26:30,17:33:30,17:40:30,17:47:30,17:54:30,18:01:30,18:08:30,18:15:30,18:22:30,18:29:30,18:36:30,18:43:30,18:50:30,18:57:30,19:04:30,19:11:30,19:18:30,19:25:30,19:32:30,19:39:30,19:46:30,19:53:30,20:00:30,20:07:30,20:14:30,20:21:30,20:28:30,20:35:30,20:42:30,20:49:30,20:56:30,21:03:30,21:10:30,21:17:30,21:24:30,21:31:30,21:41:30,,21:52:30,21:59:30,22:06:30,22:13:30,22:21:30,22:27:30,22:36:30,,22:51:30,,23:06:30,23:21:30,,,,,,,,,,
SMSM,03:54:55,04:07:33,04:31:15,04:43:15,05:03:15,05:23:15,05:31:15,05:36:15,05:48:15,05:58:15,06:03:15,06:08:46,06:13:15,06:23:15,06:30:15,06:38:15,06:45:15,06:52:15,06:59:15,07:05:15,07:12:15,07:19:15,07:26:15,07:33:15,07:40:15,07:47:15,07:54:15,08:01:15,08:08:15,08:15:15,08:22:15,08:29:15,08:36:15,08:43:15,08:50:15,08:57:15,09:04:15,09:11:15,09:18:15,09:25:15,09:32:15,09:39:15,09:46:15,09:53:15,10:00:15,10:07:15,10:14:15,10:21:15,10:28:15,10:35:15,10:42:15,10:49:15,10:56:15,11:03:15,11:10:15,11:17:15,11:24:15,11:31:15,11:38:15,11:45:15,11:52:15,11:59:15,12:06:15,12:13:15,12:20:15,12:27:15,12:34:15,12:41:15,12:48:15,12:55:15,13:02:15,13:09:15,13:16:15,13:23:15,13:30:15,13:37:15,13:44:15,13:51:15,13:58:15,14:05:15,14:12:15,14:19:15,14:26:15,14:33:15,14:40:15,14:47:15,14:54:15,15:01:15,15:08:15,15:15:15,15:22:15,15:29:15,15:36:15,15:43:15,15:50:15,15:57:15,16:04:15,16:11:15,16:18:15,16:25:15,16:32:15,16:39:15,16:46:15,16:53:15,17:00:15,17:07:15,17:14:15,17:21:15,17:28:15,17:35:15,17:42:15,17:49:15,17:56:15,18:03:15,18:10:15,18:17:15,18:24:15,18:31:15,18:38:15,18:45:15,18:52:15,18:59:15,19:06:15,19:13:15,19:20:15,19:27:15,19:34:15,19:41:15,19:48:15,19:55:15,20:02:15,20:09:15,20:16:15,20:23:15,20:30:15,20:37:15,20:44:15,20:51:15,20:58:15,21:05:15,21:12:15,21:19:15,21:26:15,21:33:15,21:43:15,,21:54:15,22:01:15,22:08:15,22:15:15,22:23:15,22:29:15,22:38:15,,22:53:15,,23:08:15,23:23:15,,,,,,,,,,
UNRG,03:57:15,04:09:09,04:32:51,04:44:51,05:04:51,05:24:51,05:32:51,05:37:51,05:49:51,05:59:51,06:04:51,06:10:22,06:14:51,06:24:51,06:31:51,06:39:51,06:46:51,06:53:51,07:00:51,07:06:51,07:13:51,07:20:51,07:27:51,07:34:51,07:41:51,07:48:51,07:55:51,08:02:51,08:09:51,08:16:51,08:23:51,08:30:51,08:37:51,08:44:51,08:51:51,08:58:51,09:05:51,09:12:51,09:19:51,09:26:51,09:33:51,09:40:51,09:47:51,09:54:51,10:01:51,10:08:51,10:15:51,10:22:51,10:29:51,10:36:51,10:43:51,10:50:51,10:57:51,11:04:51,11:11:51,11:18:51,11:25:51,11:32:51,11:39:51,11:46:51,11:53:51,12:00:51,12:07:51,12:14:51,12:21:51,12:28:51,12:35:51,12:42:51,12:49:51,12:56:51,13:03:51,13:10:51,13:17:51,13:24:51,13:31:51,13:38:51,13:45:51,13:52:51,13:59:51,14:06:51,14:13:51,14:20:51,14:27:51,14:34:51,14:41:51,14:48:51,14:55:51,15:02:51,15:09:51,15:16:51,15:23:51,15:30:51,15:37:51,15:44:51,15:51:51,15:58:51,16:05:51,16:12:51,16:19:51,16:26:51,16:33:51,16:40:51,16:47:51,16:54:51,17:01:51,17:08:51,17:15:51,17:22:51,17:29:51,17:36:51,17:43:51,17:50:51,17:57:51,18:04:51,18:11:51,18:18:51,18:25:51,18:32:51,18:39:51,18:46:51,18:53:51,19:00:51,19:07:51,19:14:51,19:21:51,19:28:51,19:35:51,19:42:51,19:49:51,19:56:51,20:03:51,20:10:51,20:17:51,20:24:51,20:31:51,20:38:51,20:45:51,20:52:51,20:59:51,21:06:51,21:13:51,21:20:51,21:27:51,21:34:51,21:44:51,,21:55:51,22:02:51,22:09:51,22:16:51,22:24:51,22:30:51,22:39:51,,22:54:51,,23:09:51,23:24:51,,,,,,,,,,
PAGI,03:59:48,04:11:06,04:34:48,04:46:48,05:06:48,05:26:48,05:34:48,05:39:48,05:51:48,06:01:48,06:06:48,06:12:19,06:16:48,06:26:48,06:33:48,06:41:48,06:48:48,06:55:48,07:02:48,07:08:48,07:15:48,07:22:48,07:29:48,07:36:48,07:43:48,07:50:48,07:57:48,08:04:48,08:11:48,08:18:48,08:25:48,08:32:48,08:39:48,08:46:48,08:53:48,09:00:48,09:07:48,09:14:48,09:21:48,09:28:48,09:35:48,09:42:48,09:49:48,09:56:48,10:03:48,10:10:48,10:17:48,10:24:48,10:31:48,10:38:48,10:45:48,10:52:48,10:59:48,11:06:48,11:13:48,11:20:48,11:27:48,11:34:48,11:41:48,11:48:48,11:55:48,12:02:48,12:09:48,12:16:48,12:23:48,12:30:48,12:37:48,12:44:48,12:51:48,12:58:48,13:05:48,13:12:48,13:19:48,13:26:48,13:33:48,13:40:48,13:47:48,13:54:48,14:01:48,14:08:48,14:15:48,14:22:48,14:29:48,14:36:48,14:43:48,14:50:48,14:57:48,15:04:48,15:11:48,15:18:48,15:25:48,15:32:48,15:39:48,15:46:48,15:53:48,16:00:48,16:07:48,16:14:48,16:21:48,16:28:48,16:35:48,16:42:48,16:49:48,16:56:48,17:03:48,17:10:48,17:17:48,17:24:48,17:31:48,17:38:48,17:45:48,17:52:48,17:59:48,18:06:48,18:13:48,18:20:48,18:27:48,18:34:48,18:41:48,18:48:48,18:55:48,19:02:48,19:09:48,19:16:48,19:23:48,19:30:48,19:37:48,19:44:48,19:51:48,19:58:48,20:05:48,20:12:48,20:19:48,20:26:48,20:33:48,20:40:48,20:47:48,20:54:48,21:01:48,21:08:48,21:15:48,21:22:48,21:29:48,21:36:48,21:46:48,,21:57:48,22:04:48,22:11:48,22:18:48,22:26:48,22:32:48,22:41:48,,22:56:48,,23:11:48,23:26:48,,,,,,,,,,
PV(WEST),04:02:12,04:12:54,04:36:36,04:48:36,05:08:36,05:28:36,05:36:36,05:41:36,05:53:36,06:03:36,06:08:36,06:14:07,06:18:36,06:28:36,06:35:36,06:43:36,06:50:36,06:57:36,07:04:36,07:10:36,07:17:36,07:24:36,07:31:36,07:38:36,07:45:36,07:52:36,07:59:36,08:06:36,08:13:36,08:20:36,08:27:36,08:34:36,08:41:36,08:48:36,08:55:36,09:02:36,09:09:36,09:16:36,09:23:36,09:30:36,09:37:36,09:44:36,09:51:36,09:58:36,10:05:36,10:12:36,10:19:36,10:26:36,10:33:36,10:40:36,10:47:36,10:54:36,11:01:36,11:08:36,11:15:36,11:22:36,11:29:36,11:36:36,11:43:36,11:50:36,11:57:36,12:04:36,12:11:36,12:18:36,12:25:36,12:32:36,12:39:36,12:46:36,12:53:36,13:00:36,13:07:36,13:14:36,13:21:36,13:28:36,13:35:36,13:42:36,13:49:36,13:56:36,14:03:36,14:10:36,14:17:36,14:24:36,14:31:36,14:38:36,14:45:36,14:52:36,14:59:36,15:06:36,15:13:36,15:20:36,15:27:36,15:34:36,15:41:36,15:48:36,15:55:36,16:02:36,16:09:36,16:16:36,16:23:36,16:30:36,16:37:36,16:44:36,16:51:36,16:58:36,17:05:36,17:12:36,17:19:36,17:26:36,17:33:36,17:40:36,17:47:36,17:54:36,18:01:36,18:08:36,18:15:36,18:22:36,18:29:36,18:36:36,18:43:36,18:50:36,18:57:36,19:04:36,19:11:36,19:18:36,19:25:36,19:32:36,19:39:36,19:46:36,19:53:36,20:00:36,20:07:36,20:14:36,20:21:36,20:28:36,20:35:36,20:42:36,20:49:36,20:56:36,21:03:36,21:10:36,21:17:36,21:24:36,21:31:36,21:38:36,21:48:36,,21:59:36,22:06:36,22:13:36,22:20:36,22:28:36,22:34:36,22:43:36,,22:58:36,,23:13:36,23:28:36,,,,,,,,,,
PV(EAST),04:04:39,04:14:45,04:38:27,04:50:27,05:10:27,05:30:27,05:38:27,05:43:27,05:55:27,06:05:27,06:10:27,06:15:58,06:20:27,06:30:27,06:37:27,06:45:27,06:52:27,06:59:27,07:06:27,07:12:27,07:19:27,07:26:27,07:33:27,07:40:27,07:47:27,07:54:27,08:01:27,08:08:27,08:15:27,08:22:27,08:29:27,08:36:27,08:43:27,08:50:27,08:57:27,09:04:27,09:11:27,09:18:27,09:25:27,09:32:27,09:39:27,09:46:27,09:53:27,10:00:27,10:07:27,10:14:27,10:21:27,10:28:27,10:35:27,10:42:27,10:49:27,10:56:27,11:03:27,11:10:27,11:17:27,11:24:27,11:31:27,11:38:27,11:45:27,11:52:27,11:59:27,12:06:27,12:13:27,12:20:27,12:27:27,12:34:27,12:41:27,12:48:27,12:55:27,13:02:27,13:09:27,13:16:27,13:23:27,13:30:27,13:37:27,13:44:27,13:51:27,13:58:27,14:05:27,14:12:27,14:19:27,14:26:27,14:33:27,14:40:27,14:47:27,14:54:27,15:01:27,15:08:27,15:15:27,15:22:27,15:29:27,15:36:27,15:43:27,15:50:27,15:57:27,16:04:27,16:11:27,16:18:27,16:25:27,16:32:27,16:39:27,16:46:27,16:53:27,17:00:27,17:07:27,17:14:27,17:21:27,17:28:27,17:35:27,17:42:27,17:49:27,17:56:27,18:03:27,18:10:27,18:17:27,18:24:27,18:31:27,18:38:27,18:45:27,18:52:27,18:59:27,19:06:27,19:13:27,19:20:27,19:27:27,19:34:27,19:41:27,19:48:27,19:55:27,20:02:27,20:09:27,20:16:27,20:23:27,20:30:27,20:37:27,20:44:27,20:51:27,20:58:27,21:05:27,21:12:27,21:19:27,21:26:27,21:33:27,21:40:27,21:50:27,,22:01:27,22:08:27,22:15:27,22:22:27,22:30:27,22:36:27,22:45:27,,23:00:27,,23:15:27,23:30:27,,,,,,,,,,
MAPR,04:06:43,04:16:19,04:40:01,04:52:01,05:12:01,05:32:01,05:40:01,05:45:01,05:57:01,06:07:01,06:12:01,06:17:32,06:22:01,06:32:01,06:39:01,06:47:01,06:54:01,07:01:01,07:08:01,07:14:01,07:21:01,07:28:01,07:35:01,07:42:01,07:49:01,07:56:01,08:03:01,08:10:01,08:17:01,08:24:01,08:31:01,08:38:01,08:45:01,08:52:01,08:59:01,09:06:01,09:13:01,09:20:01,09:27:01,09:34:01,09:41:01,09:48:01,09:55:01,10:02:01,10:09:01,10:16:01,10:23:01,10:30:01,10:37:01,10:44:01,10:51:01,10:58:01,11:05:01,11:12:01,11:19:01,11:26:01,11:33:01,11:40:01,11:47:01,11:54:01,12:01:01,12:08:01,12:15:01,12:22:01,12:29:01,12:36:01,12:43:01,12:50:01,12:57:01,13:04:01,13:11:01,13:18:01,13:25:01,13:32:01,13:39:01,13:46:01,13:53:01,14:00:01,14:07:01,14:14:01,14:21:01,14:28:01,14:35:01,14:42:01,14:49:01,14:56:01,15:03:01,15:10:01,15:17:01,15:24:01,15:31:01,15:38:01,15:45:01,15:52:01,15:59:01,16:06:01,16:13:01,16:20:01,16:27:01,16:34:01,16:41:01,16:48:01,16:55:01,17:02:01,17:09:01,17:16:01,17:23:01,17:30:01,17:37:01,17:44:01,17:51:01,17:58:01,18:05:01,18:12:01,18:19:01,18:26:01,18:33:01,18:40:01,18:47:01,18:54:01,19:01:01,19:08:01,19:15:01,19:22:01,19:29:01,19:36:01,19:43:01,19:50:01,19:57:01,20:04:01,20:11:01,20:18:01,20:25:01,20:32:01,20:39:01,20:46:01,20:53:01,21:00:01,21:07:01,21:14:01,21:21:01,21:28:01,21:35:01,21:42:01,21:52:01,,22:03:01,22:10:01,22:17:01,22:24:01,22:32:01,22:38:01,22:47:01,,23:02:01,,23:17:01,23:32:01,,,,,,,,,,
SHVP,04:09:08,04:18:14,04:41:56,04:53:56,05:13:56,05:33:56,05:41:56,05:46:56,05:58:56,06:08:56,06:13:56,06:19:27,06:23:56,06:33:56,06:40:56,06:48:56,06:55:56,07:02:56,07:09:56,07:15:56,07:22:56,07:29:56,07:36:56,07:43:56,07:50:56,07:57:56,08:04:56,08:11:56,08:18:56,08:25:56,08:32:56,08:39:56,08:46:56,08:53:56,09:00:56,09:07:56,09:14:56,09:21:56,09:28:56,09:35:56,09:42:56,09:49:56,09:56:56,10:03:56,10:10:56,10:17:56,10:24:56,10:31:56,10:38:56,10:45:56,10:52:56,10:59:56,11:06:56,11:13:56,11:20:56,11:27:56,11:34:56,11:41:56,11:48:56,11:55:56,12:02:56,12:09:56,12:16:56,12:23:56,12:30:56,12:37:56,12:44:56,12:51:56,12:58:56,13:05:56,13:12:56,13:19:56,13:26:56,13:33:56,13:40:56,13:47:56,13:54:56,14:01:56,14:08:56,14:15:56,14:22:56,14:29:56,14:36:56,14:43:56,14:50:56,14:57:56,15:04:56,15:11:56,15:18:56,15:25:56,15:32:56,15:39:56,15:46:56,15:53:56,16:00:56,16:07:56,16:14:56,16:21:56,16:28:56,16:35:56,16:42:56,16:49:56,16:56:56,17:03:56,17:10:56,17:17:56,17:24:56,17:31:56,17:38:56,17:45:56,17:52:56,17:59:56,18:06:56,18:13:56,18:20:56,18:27:56,18:34:56,18:41:56,18:48:56,18:55:56,19:02:56,19:09:56,19:16:56,19:23:56,19:30:56,19:37:56,19:44:56,19:51:56,19:58:56,20:05:56,20:12:56,20:19:56,20:26:56,20:33:56,20:40:56,20:47:56,20:54:56,21:01:56,21:08:56,21:15:56,21:22:56,21:29:56,21:36:56,21:43:56,21:53:56,,22:04:56,22:11:56,22:18:56,22:25:56,22:33:56,22:39:56,22:48:56,,23:03:56,,23:18:56,23:33:56,,,,,,,,,,
PBGW HALT,04:11:38,04:20:09,04:43:51,04:55:51,05:15:51,05:35:51,05:43:51,05:48:51,06:00:51,06:10:51,06:15:51,06:21:22,06:25:51,06:35:51,06:42:51,06:50:51,06:57:51,07:04:51,07:11:51,07:17:51,07:24:51,07:31:51,07:38:51,07:45:51,07:52:51,07:59:51,08:06:51,08:13:51,08:20:51,08:27:51,08:34:51,08:41:51,08:48:51,08:55:51,09:02:51,09:09:51,09:16:51,09:23:51,09:30:51,09:37:51,09:44:51,09:51:51,09:58:51,10:05:51,10:12:51,10:19:51,10:26:51,10:33:51,10:40:51,10:47:51,10:54:51,11:01:51,11:08:51,11:15:51,11:22:51,11:29:51,11:36:51,11:43:51,11:50:51,11:57:51,12:04:51,12:11:51,12:18:51,12:25:51,12:32:51,12:39:51,12:46:51,12:53:51,13:00:51,13:07:51,13:14:51,13:21:51,13:28:51,13:35:51,13:42:51,13:49:51,13:56:51,14:03:51,14:10:51,14:17:51,14:24:51,14:31:51,14:38:51,14:45:51,14:52:51,14:59:51,15:06:51,15:13:51,15:20:51,15:27:51,15:34:51,15:41:51,15:48:51,15:55:51,16:02:51,16:09:51,16:16:51,16:23:51,16:30:51,16:37:51,16:44:51,16:51:51,16:58:51,17:05:51,17:12:51,17:19:51,17:26:51,17:33:51,17:40:51,17:47:51,17:54:51,18:01:51,18:08:51,18:15:51,18:22:51,18:29:51,18:36:51,18:43:51,18:50:51,18:57:51,19:04:51,19:11:51,19:18:51,19:25:51,19:32:51,19:39:51,19:46:51,19:53:51,20:00:51,20:07:51,20:14:51,20:21:51,20:28:51,20:35:51,20:42:51,20:49:51,20:56:51,21:03:51,21:10:51,21:17:51,21:24:51,21:31:51,21:38:51,21:45:51,21:55:51,,22:06:51,22:13:51,22:20:51,22:27:51,22:35:51,22:41:51,22:50:51,,23:05:51,,23:20:51,23:35:51,,,,,,,,,,
PBGA,04:14:08,04:22:04,04:45:46,04:57:46,05:17:46,05:37:46,05:45:46,05:50:46,06:02:46,06:12:46,06:17:46,06:23:17,06:27:46,06:37:46,06:44:46,06:52:46,06:59:46,07:06:46,07:13:46,07:19:46,07:26:46,07:33:46,07:40:46,07:47:46,07:54:46,08:01:46,08:08:46,08:15:46,08:22:46,08:29:46,08:36:46,08:43:46,08:50:46,08:57:46,09:04:46,09:11:46,09:18:46,09:25:46,09:32:46,09:39:46,09:46:46,09:53:46,10:00:46,10:07:46,10:14:46,10:21:46,10:28:46,10:35:46,10:42:46,10:49:46,10:56:46,11:03:46,11:10:46,11:17:46,11:24:46,11:31:46,11:38:46,11:45:46,11:52:46,11:59:46,12:06:46,12:13:46,12:20:46,12:27:46,12:34:46,12:41:46,12:48:46,12:55:46,13:02:46,13:09:46,13:16:46,13:23:46,13:30:46,13:37:46,13:44:46,13:51:46,13:58:46,14:05:46,14:12:46,14:19:46,14:26:46,14:33:46,14:40:46,14:47:46,14:54:46,15:01:46,15:08:46,15:15:46,15:22:46,15:29:46,15:36:46,15:43:46,15:50:46,15:57:46,16:04:46,16:11:46,16:18:46,16:25:46,16:32:46,16:39:46,16:46:46,16:53:46,17:00:46,17:07:46,17:14:46,17:21:46,17:28:46,17:35:46,17:42:46,17:49:46,17:56:46,18:03:46,18:10:46,18:17:46,18:24:46,18:31:46,18:38:46,18:45:46,18:52:46,18:59:46,19:06:46,19:13:46,19:20:46,19:27:46,19:34:46,19:41:46,19:48:46,19:55:46,20:02:46,20:09:46,20:16:46,20:23:46,20:30:46,20:37:46,20:44:46,20:51:46,20:58:46,21:05:46,21:12:46,21:19:46,21:26:46,21:33:46,21:40:46,21:47:46,21:57:46,,22:08:46,22:15:46,22:22:46,22:29:46,22:37:46,22:43:46,22:52:46,,23:07:46,,23:22:46,23:37:46,,,,,,,,,,
APMN,04:16:36,04:23:55,04:47:37,04:59:37,05:19:37,05:39:37,05:47:37,05:52:37,06:04:37,06:14:37,06:19:37,06:25:08,06:29:37,06:39:37,06:46:37,06:54:37,07:01:37,07:08:37,07:15:37,07:21:37,07:28:37,07:35:37,07:42:37,07:49:37,07:56:37,08:03:37,08:10:37,08:17:37,08:24:37,08:31:37,08:38:37,08:45:37,08:52:37,08:59:37,09:06:37,09:13:37,09:20:37,09:27:37,09:34:37,09:41:37,09:48:37,09:55:37,10:02:37,10:09:37,10:16:37,10:23:37,10:30:37,10:37:37,10:44:37,10:51:37,10:58:37,11:05:37,11:12:37,11:19:37,11:26:37,11:33:37,11:40:37,11:47:37,11:54:37,12:01:37,12:08:37,12:15:37,12:22:37,12:29:37,12:36:37,12:43:37,12:50:37,12:57:37,13:04:37,13:11:37,13:18:37,13:25:37,13:32:37,13:39:37,13:46:37,13:53:37,14:00:37,14:07:37,14:14:37,14:21:37,14:28:37,14:35:37,14:42:37,14:49:37,14:56:37,15:03:37,15:10:37,15:17:37,15:24:37,15:31:37,15:38:37,15:45:37,15:52:37,15:59:37,16:06:37,16:13:37,16:20:37,16:27:37,16:34:37,16:41:37,16:48:37,16:55:37,17:02:37,17:09:37,17:16:37,17:23:37,17:30:37,17:37:37,17:44:37,17:51:37,17:58:37,18:05:37,18:12:37,18:19:37,18:26:37,18:33:37,18:40:37,18:47:37,18:54:37,19:01:37,19:08:37,19:15:37,19:22:37,19:29:37,19:36:37,19:43:37,19:50:37,19:57:37,20:04:37,20:11:37,20:18:37,20:25:37,20:32:37,20:39:37,20:46:37,20:53:37,21:00:37,21:07:37,21:14:37,21:21:37,21:28:37,21:35:37,21:42:37,21:49:37,21:59:37,,22:10:37,22:17:37,22:24:37,22:31:37,22:39:37,22:45:37,22:54:37,,23:09:37,,23:24:37,23:39:37,,,,,,,,,,
ILOK,04:20:32,04:27:17,04:50:59,05:02:59,05:22:59,05:42:59,05:50:59,05:55:59,06:07:59,06:17:59,06:22:59,06:28:30,06:32:59,06:42:59,06:49:59,06:57:59,07:04:59,07:11:59,07:18:59,07:24:59,07:31:59,07:39:25,07:45:59,07:53:25,07:59:59,08:07:25,08:13:59,08:21:25,08:27:59,08:35:25,08:41:59,08:49:25,08:55:59,09:03:25,09:09:59,09:17:25,09:23:59,09:31:25,09:37:59,09:45:25,09:51:59,09:59:25,10:05:59,10:13:25,10:19:59,10:27:25,10:33:59,10:41:25,10:47:59,10:55:25,11:01:59,11:09:25,11:15:59,11:23:25,11:29:59,11:37:25,11:43:59,11:51:25,11:57:59,12:05:25,12:11:59,12:19:25,12:25:59,12:33:25,12:39:59,12:47:25,12:53:59,13:01:25,13:07:59,13:15:25,13:21:59,13:29:25,13:35:59,13:43:25,13:49:59,13:57:25,14:03:59,14:11:25,14:17:59,14:25:25,14:31:59,14:39:25,14:45:59,14:53:25,14:59:59,15:07:25,15:13:59,15:21:25,15:27:59,15:35:25,15:41:59,15:49:25,15:55:59,16:03:25,16:09:59,16:17:25,16:23:59,16:31:25,16:37:59,16:45:25,16:51:59,16:59:25,17:05:59,17:13:25,17:19:59,17:27:25,17:33:59,17:41:25,17:47:59,17:55:25,18:01:59,18:09:25,18:15:59,18:23:25,18:29:59,18:37:25,18:43:59,18:51:25,18:57:59,19:05:25,19:11:59,19:19:25,19:25:59,19:33:25,19:39:59,19:47:25,19:53:59,20:01:25,20:07:59,20:15:25,20:21:59,20:29:25,20:35:59,20:43:25,20:49:59,20:57:25,21:03:59,21:11:25,21:17:59,21:25:25,21:31:59,21:39:25,21:45:59,21:53:25,22:02:59,,22:14:25,22:20:59,22:28:25,22:34:59,22:43:25,22:48:59,22:58:25,,23:12:59,,23:28:25,23:42:59,,,,,,,,,,
KTNR,04:23:02,,04:53:29,,05:25:29,,05:53:29,,06:10:29,,06:25:29,,06:35:29,,06:52:29,,07:07:29,,07:21:29,,07:34:29,,07:48:29,,08:02:29,,08:16:29,,08:30:29,,08:44:29,,08:58:29,,09:12:29,,09:26:29,,09:40:29,,09:54:29,,10:08:29,,10:22:29,,10:36:29,,10:50:29,,11:04:29,,11:18:29,,11:32:29,,11:46:29,,12:00:29,,12:14:29,,12:28:29,,12:42:29,,12:56:29,,13:10:29,,13:24:29,,13:38:29,,13:52:29,,14:06:29,,14:20:29,,14:34:29,,14:48:29,,15:02:29,,15:16:29,,15:30:29,,15:44:29,,15:58:29,,16:12:29,,16:26:29,,16:40:29,,16:54:29,,17:08:29,,17:22:29,,17:36:29,,17:50:29,,18:04:29,,18:18:29,,18:32:29,,18:46:29,,19:00:29,,19:14:29,,19:28:29,,19:42:29,,19:56:29,,20:10:29,,20:24:29,,20:38:29,,20:52:29,,21:06:29,,21:20:29,,21:34:29,,21:48:29,,22:05:29,,,22:23:29,,22:37:29,,22:51:29,,,23:15:29,,,23:45:29,,,,,,,,,,
DEPOT,,,,,,,,,,,,,,,,,,,,,,,,,,,,,,,,,,,,,,,,,,,,,,,,,,,,,,,,,,,,,,,,,,,,,,,,,,,,,,,,,,,,,,,,,,,,,,,,,,,,,,,,,,,,,,,,,,,,,,,,,,,,,,,,,,,,,,,,,,,,,,,,,,,,,,,,,,22:55:42,,,,,,23:42:00,,,,00:22:28,00:22:28,00:09:00,00:19:00,00:37:00
DEPOT1,,,,,,,,,,,,,,,,,,,,,,,,,,,,,,,,,,,,,,,,,,,,,,,,,,,,,,,,,,,,,,,,,,,,,,,,,,,,,,,,,,,,,,,,,,,,,,,,,,,,,,,,,,,,,,,,,,,,,,,,,,,,,,,,,,,,,,,,,,,,,,,,,,,,,,,,,,,,22:59:29,,,,,,23:52:00,23:59:00,,,,,
REVERSAL FROM,KNR DN,ILOK DN,KNR DN,ILOK DN,KNR DN,ILOK DN,KNR DN,ILOK DN,KNR DN,ILOK DN,KNR DN,ILOK DN,KNR DN,ILOK DN,KNR DN,ILOK DN,KNR DN,ILOK DN,KNR DN,ILOK DN,KNR DN,ILOK DN,KNR DN,ILOK DN,KNR DN,ILOK DN,KNR DN,ILOK DN,KNR DN,ILOK DN,KNR DN,ILOK DN,KNR DN,ILOK DN,KNR DN,ILOK DN,KNR DN,ILOK DN,KNR DN,ILOK DN,KNR DN,ILOK DN,KNR DN,ILOK DN,KNR DN,ILOK DN,KNR DN,ILOK DN,KNR DN,ILOK DN,KNR DN,ILOK DN,KNR DN,ILOK DN,KNR DN,ILOK DN,KNR DN,ILOK DN,KNR DN,ILOK DN,KNR DN,ILOK DN,KNR DN,ILOK DN,KNR DN,ILOK DN,KNR DN,ILOK DN,KNR DN,ILOK DN,KNR DN,ILOK DN,KNR DN,ILOK DN,KNR DN,ILOK DN,KNR DN,ILOK DN,KNR DN,ILOK DN,KNR DN,ILOK DN,KNR DN,ILOK DN,KNR DN,ILOK DN,KNR DN,ILOK DN,KNR DN,ILOK DN,KNR DN,ILOK DN,KNR DN,ILOK DN,KNR DN,ILOK DN,KNR DN,ILOK DN,KNR DN,ILOK DN,KNR DN,ILOK DN,KNR DN,ILOK DN,KNR DN,ILOK DN,KNR DN,ILOK DN,KNR DN,ILOK DN,KNR DN,ILOK DN,KNR DN,ILOK DN,KNR DN,ILOK DN,KNR DN,ILOK DN,KNR DN,ILOK DN,KNR DN,ILOK DN,KNR DN,ILOK DN,KNR DN,ILOK DN,KNR DN,ILOK DN,KNR DN,ILOK DN,KNR DN,ILOK DN,KNR DN,ILOK DN,KNR DN,ILOK DN,KNR DN,ILOK DN,KNR DN,ILOK DN,KNR DN,ILOK DN,KNR DN,ILOK DN,KNR DN,PVW SDG,ILOK DN,KNR DN,ILOK DN,KNR DN,ILOK UP STABLE,KNR DN,ILOK DN,MDD,KNR DN,BZD,ILOK DN,KNR DN,CIPK DN SDG,MDD,CIPK UP SDG,BZD,BZD,MDD,MDD,MDD,MDD,MDD
